{"type":"FeatureCollection","features":[{"type":"Feature","geometry":{"type":"MultiPolygon","coordinates":[[[[-78.686159,35.830824],[-78.686303,35.831186],[-78.685825,35.831579],[-78.685921,35.831802],[-78.686186,35.833019],[-78.686059,35.833337],[-78.686671,35.833424],[-78.686828,35.833144],[-78.687178,35.833094],[-78.686682,35.830749],[-78.686159,35.830824]]],[[[-78.732621,35.86901],[-78.732641,35.869044],[-78.732818,35.868884],[-78.732937,35.868971],[-78.733409,35.868546],[-78.734104,35.86858],[-78.734104,35.868432],[-78.737695,35.86844],[-78.736992,35.866649],[-78.736865,35.866764],[-78.736468,35.86665],[-78.735679,35.866863],[-78.735366,35.866643],[-78.735264,35.866461],[-78.735035,35.866302],[-78.735127,35.866189],[-78.735279,35.866099],[-78.735653,35.866031],[-78.735902,35.865773],[-78.736258,35.865605],[-78.736036,35.865081],[-78.735043,35.865052],[-78.734186,35.864941],[-78.734135,35.866637],[-78.732861,35.866983],[-78.732814,35.866404],[-78.733462,35.865395],[-78.733877,35.865059],[-78.733819,35.86497],[-78.733842,35.864882],[-78.733214,35.865068],[-78.732929,35.865096],[-78.732693,35.865172],[-78.73217,35.866362],[-78.732225,35.866878],[-78.732148,35.866851],[-78.732121,35.866587],[-78.731616,35.866557],[-78.731209,35.866448],[-78.731199,35.866974],[-78.731239,35.867611],[-78.731685,35.867305],[-78.732621,35.86901]]],[[[-78.734448,35.869285],[-78.735292,35.869302],[-78.735297,35.869221],[-78.73598,35.869232],[-78.735981,35.86869],[-78.735939,35.868643],[-78.735863,35.868626],[-78.734443,35.8686],[-78.734448,35.869285]]],[[[-78.699154,35.891064],[-78.699502,35.891337],[-78.699917,35.890988],[-78.699728,35.890352],[-78.699338,35.889914],[-78.699159,35.88986],[-78.698471,35.890115],[-78.698422,35.8905],[-78.698338,35.890575],[-78.698259,35.890539],[-78.699046,35.891141],[-78.699154,35.891064]]],[[[-78.717195,35.89697],[-78.717367,35.897465],[-78.717942,35.897332],[-78.717983,35.896885],[-78.718278,35.896911],[-78.718768,35.896328],[-78.718626,35.896242],[-78.718242,35.895622],[-78.719078,35.894527],[-78.71721,35.893463],[-78.717194,35.893482],[-78.716786,35.893244],[-78.716626,35.893232],[-78.716381,35.8935],[-78.716896,35.893847],[-78.716774,35.893996],[-78.716524,35.894493],[-78.71578,35.894073],[-78.715658,35.894204],[-78.71685,35.894877],[-78.71744,35.895514],[-78.717562,35.895786],[-78.717349,35.896631],[-78.716835,35.896554],[-78.716862,35.896759],[-78.717144,35.896823],[-78.717195,35.89697]]],[[[-78.708249,35.899363],[-78.707587,35.899436],[-78.707426,35.899488],[-78.707706,35.900373],[-78.707523,35.900507],[-78.708578,35.90078],[-78.708691,35.900613],[-78.708925,35.900394],[-78.709041,35.900238],[-78.708458,35.899544],[-78.708249,35.899363]]],[[[-78.723842,35.903354],[-78.72388,35.9055],[-78.726488,35.90554],[-78.726741,35.904781],[-78.726798,35.904388],[-78.726721,35.903983],[-78.726256,35.902671],[-78.726139,35.902417],[-78.724791,35.90323],[-78.723842,35.903224],[-78.723842,35.903354]]],[[[-78.717381,35.906702],[-78.717526,35.90758],[-78.718027,35.907493],[-78.718593,35.907351],[-78.718994,35.907235],[-78.718996,35.907157],[-78.719812,35.906919],[-78.719543,35.906291],[-78.719428,35.906229],[-78.719342,35.906105],[-78.719335,35.905994],[-78.719376,35.905899],[-78.719316,35.905761],[-78.719325,35.905014],[-78.719076,35.905095],[-78.718779,35.905076],[-78.718525,35.905122],[-78.718182,35.905255],[-78.717897,35.905321],[-78.717653,35.905444],[-78.717562,35.905459],[-78.717476,35.905428],[-78.717323,35.905468],[-78.71723,35.905434],[-78.71718,35.905448],[-78.717381,35.906702]]],[[[-78.707513,35.909331],[-78.707546,35.910545],[-78.70415,35.911261],[-78.704404,35.911664],[-78.7046,35.911905],[-78.705058,35.912335],[-78.709617,35.910872],[-78.70964,35.909278],[-78.708256,35.909293],[-78.708429,35.908943],[-78.70802,35.908847],[-78.707907,35.909276],[-78.707514,35.909264],[-78.707513,35.909331]]],[[[-78.753597,35.920422],[-78.75454,35.920417],[-78.754363,35.919909],[-78.754354,35.919469],[-78.754324,35.919423],[-78.753728,35.919343],[-78.753597,35.920422]]],[[[-78.759271,35.92345],[-78.759205,35.92347],[-78.759357,35.923782],[-78.759982,35.923573],[-78.759888,35.923376],[-78.762645,35.923424],[-78.762767,35.922847],[-78.762884,35.922497],[-78.763761,35.920699],[-78.764013,35.920117],[-78.760286,35.920024],[-78.760151,35.9205],[-78.758504,35.920445],[-78.758477,35.920616],[-78.758377,35.920765],[-78.758433,35.920925],[-78.758328,35.921084],[-78.758348,35.92133],[-78.758268,35.921483],[-78.758269,35.921535],[-78.758344,35.921643],[-78.758373,35.921773],[-78.758634,35.922054],[-78.759271,35.92345]]],[[[-78.742426,35.934832],[-78.742108,35.936038],[-78.742062,35.936673],[-78.74271,35.936506],[-78.744969,35.936078],[-78.745733,35.93586],[-78.745676,35.935686],[-78.745756,35.935572],[-78.746234,35.935276],[-78.746335,35.935081],[-78.746623,35.934826],[-78.746939,35.935254],[-78.748013,35.934754],[-78.748466,35.934586],[-78.74884,35.933646],[-78.749059,35.933295],[-78.749259,35.933218],[-78.749365,35.933239],[-78.749523,35.933127],[-78.749628,35.933112],[-78.750057,35.932782],[-78.750456,35.932567],[-78.751066,35.932027],[-78.751201,35.931296],[-78.751475,35.930809],[-78.751705,35.930813],[-78.751672,35.932948],[-78.753896,35.93284],[-78.753845,35.933799],[-78.755365,35.933564],[-78.75537,35.932044],[-78.756391,35.931083],[-78.756552,35.931176],[-78.756627,35.931014],[-78.756681,35.931043],[-78.760214,35.927159],[-78.761208,35.925944],[-78.760519,35.925506],[-78.760069,35.925275],[-78.759731,35.924908],[-78.759582,35.924586],[-78.759407,35.924314],[-78.757776,35.924318],[-78.757042,35.923941],[-78.756726,35.923811],[-78.756751,35.923586],[-78.756952,35.923458],[-78.757089,35.923074],[-78.757247,35.922922],[-78.757485,35.922605],[-78.757672,35.922454],[-78.757847,35.922061],[-78.757922,35.922039],[-78.758067,35.921901],[-78.757795,35.920896],[-78.757698,35.920679],[-78.757518,35.920428],[-78.755661,35.920409],[-78.755548,35.924625],[-78.753827,35.924563],[-78.753854,35.924105],[-78.74973,35.923949],[-78.749839,35.921247],[-78.74985,35.920225],[-78.752228,35.920322],[-78.752268,35.919242],[-78.751112,35.919189],[-78.750105,35.91907],[-78.750094,35.919148],[-78.748008,35.918862],[-78.747743,35.920173],[-78.746867,35.920148],[-78.746995,35.919547],[-78.746879,35.919491],[-78.746848,35.919399],[-78.746268,35.919356],[-78.746426,35.918576],[-78.746949,35.918648],[-78.746963,35.918588],[-78.750177,35.919016],[-78.750391,35.917571],[-78.751167,35.917823],[-78.750859,35.918304],[-78.75075,35.919091],[-78.752162,35.919177],[-78.752166,35.919089],[-78.753518,35.91916],[-78.754364,35.919252],[-78.755487,35.919443],[-78.755736,35.918539],[-78.755315,35.917936],[-78.75501,35.917278],[-78.754635,35.915747],[-78.754791,35.915707],[-78.757072,35.917539],[-78.757685,35.917366],[-78.757627,35.91724],[-78.760287,35.917374],[-78.760283,35.917585],[-78.761732,35.917604],[-78.76185,35.917736],[-78.761901,35.917691],[-78.762897,35.919135],[-78.764419,35.919436],[-78.76546,35.915702],[-78.766061,35.914449],[-78.766038,35.914448],[-78.766085,35.914448],[-78.767383,35.911839],[-78.767547,35.911751],[-78.767596,35.911677],[-78.768118,35.912379],[-78.768703,35.912579],[-78.768705,35.912872],[-78.768267,35.91366],[-78.768214,35.915596],[-78.772232,35.915743],[-78.771907,35.921919],[-78.775358,35.921787],[-78.775382,35.921349],[-78.780134,35.921522],[-78.780138,35.920706],[-78.784151,35.92071],[-78.78497,35.920761],[-78.784979,35.920471],[-78.784759,35.918882],[-78.784914,35.918658],[-78.784941,35.918515],[-78.786787,35.91825],[-78.786854,35.916478],[-78.786404,35.916486],[-78.785981,35.915812],[-78.786131,35.915915],[-78.785785,35.915493],[-78.786173,35.915155],[-78.788589,35.916787],[-78.788851,35.917008],[-78.795196,35.921585],[-78.795182,35.921603],[-78.799079,35.924441],[-78.799132,35.924474],[-78.801087,35.92451],[-78.80102,35.925862],[-78.801433,35.926158],[-78.801598,35.925929],[-78.802137,35.925944],[-78.802127,35.926088],[-78.802368,35.925847],[-78.80248,35.922851],[-78.801176,35.922775],[-78.801222,35.922058],[-78.803997,35.922159],[-78.803974,35.922912],[-78.804335,35.922922],[-78.805115,35.921775],[-78.804465,35.921064],[-78.804213,35.920653],[-78.804107,35.920365],[-78.804046,35.920032],[-78.804076,35.919077],[-78.803842,35.919033],[-78.804095,35.91903],[-78.805075,35.918895],[-78.805021,35.918681],[-78.805825,35.918716],[-78.807076,35.918854],[-78.807939,35.916441],[-78.809349,35.916446],[-78.80933,35.912554],[-78.809832,35.911147],[-78.809847,35.91122],[-78.810548,35.911421],[-78.810341,35.912445],[-78.809953,35.913667],[-78.813126,35.914205],[-78.815443,35.914699],[-78.81579,35.914276],[-78.816021,35.913846],[-78.816105,35.913512],[-78.816679,35.909908],[-78.816744,35.908866],[-78.814623,35.906956],[-78.815488,35.906569],[-78.816032,35.907064],[-78.816083,35.906308],[-78.816002,35.906227],[-78.816779,35.906244],[-78.816867,35.905919],[-78.817051,35.905464],[-78.815462,35.904998],[-78.815807,35.904202],[-78.816446,35.904382],[-78.81661,35.903992],[-78.81673,35.903837],[-78.817067,35.903844],[-78.817177,35.90357],[-78.817831,35.903596],[-78.817923,35.903202],[-78.817815,35.900991],[-78.817833,35.900854],[-78.817863,35.900688],[-78.818559,35.898632],[-78.817289,35.898381],[-78.81737,35.898095],[-78.817937,35.898005],[-78.817998,35.897629],[-78.818835,35.897805],[-78.818942,35.897454],[-78.818975,35.897137],[-78.818948,35.896868],[-78.815467,35.896815],[-78.815511,35.893249],[-78.810147,35.893586],[-78.802882,35.894128],[-78.802674,35.894088],[-78.802619,35.893571],[-78.802448,35.893054],[-78.802159,35.892376],[-78.801476,35.891083],[-78.800526,35.889598],[-78.799907,35.889653],[-78.79933,35.889549],[-78.799461,35.888914],[-78.799572,35.888873],[-78.799596,35.888831],[-78.799028,35.888858],[-78.797483,35.888853],[-78.797328,35.888929],[-78.797292,35.889573],[-78.796701,35.889553],[-78.796652,35.890533],[-78.797072,35.890548],[-78.797679,35.890728],[-78.796626,35.890686],[-78.796181,35.890875],[-78.795652,35.891265],[-78.795251,35.891818],[-78.795094,35.89198],[-78.795078,35.892144],[-78.795167,35.892375],[-78.794978,35.89237],[-78.794987,35.89204],[-78.790657,35.891975],[-78.788566,35.891899],[-78.788515,35.893744],[-78.786297,35.893663],[-78.786329,35.895168],[-78.787635,35.895194],[-78.788109,35.895638],[-78.785524,35.89569],[-78.785568,35.896217],[-78.784626,35.895655],[-78.783852,35.895798],[-78.783622,35.896809],[-78.783287,35.897909],[-78.782163,35.897917],[-78.781976,35.898024],[-78.781481,35.898025],[-78.780327,35.898958],[-78.779581,35.898792],[-78.777564,35.900409],[-78.777565,35.90194],[-78.774447,35.90185],[-78.77505,35.899826],[-78.772076,35.899256],[-78.77208,35.899504],[-78.771998,35.899984],[-78.771966,35.899843],[-78.771168,35.89973],[-78.77123,35.899537],[-78.770931,35.899286],[-78.769393,35.900373],[-78.769796,35.900739],[-78.769292,35.900781],[-78.769178,35.900554],[-78.768511,35.899946],[-78.76914,35.899508],[-78.768454,35.898868],[-78.768439,35.897456],[-78.768512,35.897445],[-78.76843,35.897354],[-78.768378,35.895056],[-78.767273,35.896023],[-78.766627,35.895302],[-78.765285,35.895285],[-78.763093,35.89741],[-78.7624,35.896929],[-78.762864,35.896459],[-78.762654,35.896128],[-78.76221,35.8961],[-78.762075,35.895968],[-78.761114,35.895773],[-78.760569,35.895504],[-78.760057,35.895475],[-78.759748,35.895348],[-78.759885,35.895217],[-78.759684,35.895214],[-78.759741,35.89336],[-78.759404,35.89338],[-78.759452,35.8919],[-78.76382,35.892092],[-78.763801,35.888623],[-78.763907,35.883887],[-78.769862,35.884114],[-78.769702,35.883869],[-78.769448,35.883156],[-78.769041,35.882991],[-78.768995,35.88243],[-78.769257,35.882071],[-78.769594,35.881857],[-78.770638,35.881298],[-78.771277,35.869005],[-78.765514,35.864394],[-78.768243,35.861472],[-78.769573,35.860825],[-78.770243,35.861566],[-78.774006,35.861744],[-78.774085,35.858632],[-78.774722,35.858667],[-78.775027,35.858714],[-78.775197,35.858697],[-78.775575,35.858756],[-78.776016,35.858939],[-78.776121,35.858929],[-78.776216,35.85887],[-78.776405,35.858911],[-78.776583,35.858881],[-78.776975,35.858611],[-78.777375,35.858473],[-78.777681,35.858167],[-78.777763,35.857775],[-78.778015,35.85757],[-78.778575,35.857471],[-78.77885,35.857467],[-78.779395,35.857362],[-78.779615,35.857232],[-78.779795,35.857184],[-78.785947,35.856983],[-78.785604,35.852571],[-78.777244,35.852225],[-78.77749,35.847355],[-78.777615,35.844012],[-78.769702,35.84376],[-78.769642,35.843962],[-78.769561,35.844094],[-78.769151,35.844529],[-78.76828,35.844799],[-78.767976,35.844788],[-78.76776,35.844686],[-78.767649,35.844559],[-78.767144,35.843524],[-78.766757,35.843142],[-78.766459,35.842907],[-78.766149,35.842704],[-78.765312,35.842273],[-78.764544,35.841798],[-78.763876,35.841462],[-78.763487,35.841207],[-78.763173,35.84113],[-78.762957,35.84115],[-78.762707,35.841276],[-78.762521,35.841435],[-78.762475,35.841422],[-78.762209,35.841608],[-78.761601,35.842074],[-78.761278,35.842239],[-78.761156,35.842278],[-78.760636,35.842332],[-78.759732,35.84259],[-78.759273,35.842689],[-78.758511,35.843002],[-78.758166,35.843342],[-78.7577,35.844264],[-78.757633,35.844534],[-78.757477,35.844655],[-78.757262,35.844698],[-78.756971,35.844616],[-78.756324,35.844181],[-78.755818,35.843917],[-78.75517,35.843665],[-78.754914,35.84345],[-78.754698,35.843329],[-78.754152,35.843268],[-78.753558,35.843274],[-78.75312,35.843191],[-78.752836,35.843175],[-78.752519,35.843333],[-78.751945,35.843723],[-78.751459,35.844316],[-78.75104,35.844948],[-78.750845,35.845085],[-78.750736,35.845112],[-78.750622,35.845074],[-78.750386,35.844887],[-78.750285,35.844886],[-78.750157,35.844936],[-78.750069,35.844919],[-78.74988,35.844709],[-78.749732,35.844616],[-78.749415,35.844143],[-78.749131,35.843786],[-78.74882,35.843517],[-78.748591,35.843391],[-78.748354,35.843331],[-78.748125,35.843325],[-78.747943,35.843347],[-78.74743,35.843507],[-78.74718,35.843529],[-78.747053,35.843573],[-78.746735,35.843568],[-78.746155,35.843354],[-78.745852,35.843189],[-78.745291,35.842953],[-78.744981,35.842882],[-78.744704,35.842778],[-78.744387,35.842542],[-78.744103,35.842075],[-78.744049,35.841921],[-78.744143,35.841278],[-78.744109,35.84113],[-78.743995,35.841014],[-78.743785,35.840888],[-78.74361,35.840861],[-78.742625,35.841103],[-78.742503,35.84112],[-78.742402,35.841097],[-78.742011,35.840872],[-78.74135,35.840587],[-78.740951,35.840346],[-78.740418,35.839813],[-78.740182,35.839665],[-78.739919,35.839621],[-78.739393,35.839676],[-78.738745,35.83983],[-78.738502,35.840011],[-78.738273,35.840275],[-78.737511,35.840814],[-78.737349,35.840973],[-78.737093,35.841286],[-78.736891,35.841644],[-78.736527,35.84283],[-78.736331,35.843176],[-78.735623,35.84377],[-78.73507,35.844177],[-78.734949,35.844298],[-78.73453,35.844886],[-78.73389,35.845457],[-78.73296,35.846968],[-78.732784,35.847106],[-78.732534,35.847007],[-78.732427,35.846881],[-78.732366,35.846716],[-78.732271,35.845732],[-78.732109,35.845007],[-78.73194,35.84448],[-78.731548,35.843618],[-78.731447,35.843414],[-78.730799,35.842503],[-78.730448,35.841948],[-78.730116,35.841097],[-78.729941,35.840745],[-78.729725,35.840514],[-78.729604,35.840449],[-78.72938,35.840427],[-78.729131,35.840471],[-78.729064,35.840603],[-78.729111,35.840811],[-78.729577,35.841179],[-78.729745,35.841426],[-78.729793,35.841608],[-78.729773,35.841805],[-78.729712,35.841954],[-78.729604,35.842069],[-78.72918,35.842382],[-78.727756,35.842905],[-78.727655,35.843004],[-78.727574,35.843152],[-78.727392,35.843784],[-78.727305,35.843982],[-78.727041,35.844306],[-78.726576,35.844646],[-78.726245,35.844828],[-78.725604,35.845092],[-78.724984,35.84529],[-78.724215,35.845631],[-78.723534,35.845823],[-78.722953,35.845867],[-78.722589,35.845829],[-78.72209,35.845686],[-78.721698,35.845411],[-78.721537,35.84534],[-78.721327,35.845269],[-78.72078,35.845162],[-78.720412,35.845029],[-78.720048,35.845008],[-78.718929,35.84504],[-78.718677,35.844927],[-78.718177,35.844607],[-78.717246,35.851242],[-78.722193,35.851392],[-78.722118,35.852523],[-78.716626,35.852296],[-78.711397,35.852132],[-78.711353,35.851449],[-78.71101,35.851423],[-78.710942,35.850904],[-78.710787,35.850169],[-78.710269,35.847991],[-78.710224,35.847392],[-78.710244,35.847113],[-78.710366,35.846577],[-78.710595,35.846057],[-78.71084,35.845695],[-78.710913,35.845717],[-78.711053,35.845541],[-78.71154,35.845096],[-78.713201,35.843791],[-78.713829,35.843243],[-78.714126,35.84291],[-78.714315,35.842584],[-78.714446,35.842239],[-78.714516,35.841883],[-78.714517,35.841441],[-78.714479,35.841202],[-78.714194,35.840157],[-78.71429,35.840158],[-78.713155,35.8362],[-78.7129,35.835542],[-78.712156,35.834175],[-78.710763,35.831819],[-78.710575,35.831401],[-78.71047,35.830816],[-78.710505,35.829153],[-78.710655,35.826941],[-78.710539,35.826481],[-78.710338,35.826076],[-78.710058,35.825687],[-78.709815,35.825447],[-78.70942,35.825159],[-78.708896,35.824908],[-78.707728,35.824428],[-78.707207,35.824088],[-78.706549,35.823537],[-78.705784,35.82273],[-78.705453,35.822258],[-78.705167,35.821718],[-78.704989,35.821193],[-78.704898,35.820019],[-78.704911,35.818862],[-78.705244,35.815475],[-78.705783,35.811774],[-78.705805,35.811282],[-78.705644,35.810375],[-78.705607,35.809805],[-78.705729,35.809063],[-78.706946,35.804083],[-78.707162,35.802876],[-78.707387,35.801016],[-78.707184,35.801006],[-78.707574,35.797224],[-78.707566,35.797013],[-78.707508,35.796806],[-78.707368,35.796542],[-78.706109,35.794534],[-78.704924,35.794922],[-78.70434,35.795072],[-78.70172,35.795577],[-78.70008,35.795816],[-78.699023,35.795868],[-78.697151,35.795842],[-78.69533,35.795719],[-78.694743,35.795614],[-78.694197,35.797256],[-78.693769,35.798934],[-78.693579,35.800641],[-78.693615,35.803635],[-78.69201,35.803179],[-78.691546,35.803105],[-78.687451,35.801837],[-78.687574,35.803225],[-78.687546,35.803578],[-78.686357,35.803365],[-78.683205,35.803366],[-78.682073,35.803396],[-78.681756,35.803438],[-78.680804,35.80381],[-78.680535,35.803872],[-78.67896,35.803877],[-78.678525,35.803929],[-78.67753,35.804271],[-78.676911,35.804446],[-78.676179,35.804494],[-78.674595,35.804465],[-78.674782,35.804247],[-78.675463,35.803681],[-78.676091,35.803016],[-78.676367,35.802807],[-78.676468,35.802687],[-78.676535,35.802505],[-78.676927,35.802038],[-78.677041,35.801813],[-78.677467,35.801363],[-78.67768,35.801071],[-78.67225,35.801016],[-78.67194,35.800876],[-78.670928,35.800538],[-78.67034,35.800474],[-78.662655,35.800455],[-78.662105,35.800429],[-78.661739,35.80036],[-78.658892,35.799411],[-78.658266,35.799116],[-78.657974,35.798912],[-78.656449,35.797599],[-78.656363,35.797453],[-78.65631,35.797098],[-78.656244,35.796918],[-78.656164,35.796802],[-78.65595,35.796641],[-78.655441,35.796374],[-78.654809,35.79608],[-78.654131,35.795897],[-78.652881,35.795736],[-78.652452,35.795811],[-78.651434,35.796103],[-78.648994,35.796947],[-78.648486,35.797168],[-78.648049,35.797484],[-78.647558,35.797729],[-78.647287,35.797826],[-78.646843,35.797893],[-78.645349,35.797857],[-78.644817,35.797781],[-78.644415,35.797632],[-78.642484,35.796685],[-78.642139,35.797385],[-78.64154,35.798204],[-78.640866,35.79884],[-78.640137,35.799342],[-78.639722,35.799591],[-78.639115,35.79987],[-78.632616,35.802716],[-78.630398,35.80368],[-78.629523,35.803949],[-78.628153,35.804164],[-78.624319,35.804617],[-78.619876,35.813535],[-78.618354,35.81646],[-78.617606,35.817662],[-78.617057,35.818257],[-78.616191,35.81903],[-78.615146,35.819696],[-78.612243,35.821355],[-78.618957,35.824248],[-78.619745,35.824547],[-78.621407,35.82531],[-78.624359,35.826551],[-78.6254,35.827053],[-78.62615,35.827489],[-78.62671,35.827908],[-78.627358,35.828488],[-78.627771,35.828996],[-78.628644,35.830257],[-78.629741,35.831691],[-78.630075,35.832023],[-78.630814,35.8326],[-78.631729,35.833156],[-78.632121,35.833347],[-78.633312,35.83377],[-78.63454,35.834039],[-78.638593,35.834533],[-78.638771,35.834743],[-78.63964,35.834841],[-78.63993,35.834812],[-78.641916,35.83506],[-78.643135,35.835247],[-78.646037,35.835596],[-78.646083,35.835373],[-78.654516,35.836273],[-78.661172,35.836946],[-78.662439,35.836977],[-78.663037,35.836951],[-78.664644,35.836756],[-78.66555,35.836601],[-78.666378,35.836399],[-78.669464,35.83529],[-78.669717,35.835503],[-78.671373,35.836494],[-78.672093,35.836988],[-78.673394,35.837704],[-78.676873,35.839837],[-78.677504,35.840253],[-78.678029,35.840702],[-78.679138,35.841959],[-78.679749,35.842482],[-78.680455,35.842905],[-78.681122,35.843181],[-78.680721,35.843523],[-78.680474,35.843896],[-78.680235,35.844426],[-78.680123,35.844961],[-78.680447,35.854287],[-78.680509,35.857834],[-78.680573,35.859526],[-78.682102,35.860626],[-78.682388,35.860765],[-78.682899,35.86089],[-78.684683,35.861181],[-78.686296,35.861398],[-78.686506,35.861407],[-78.68843,35.861274],[-78.688899,35.861217],[-78.68978,35.861232],[-78.693617,35.861791],[-78.695138,35.862154],[-78.695029,35.862346],[-78.695025,35.862564],[-78.695105,35.862701],[-78.696545,35.86377],[-78.696833,35.864124],[-78.69705,35.864617],[-78.697157,35.865308],[-78.697301,35.865718],[-78.697505,35.86603],[-78.698355,35.866843],[-78.698538,35.867106],[-78.698629,35.867313],[-78.698717,35.867634],[-78.698851,35.868508],[-78.698956,35.868736],[-78.699245,35.86909],[-78.698794,35.869179],[-78.698693,35.869262],[-78.698004,35.869981],[-78.697903,35.870223],[-78.697937,35.870311],[-78.698031,35.870382],[-78.698225,35.870413],[-78.698571,35.870399],[-78.6988,35.870437],[-78.698862,35.870503],[-78.698834,35.870613],[-78.698483,35.871162],[-78.698362,35.871283],[-78.698106,35.87136],[-78.697559,35.87141],[-78.697491,35.871431],[-78.697411,35.871525],[-78.697282,35.871898],[-78.697134,35.87275],[-78.697201,35.872959],[-78.696567,35.872799],[-78.696513,35.872838],[-78.696465,35.872953],[-78.696263,35.873222],[-78.696412,35.873272],[-78.696607,35.873398],[-78.696762,35.873568],[-78.696918,35.873832],[-78.696925,35.87431],[-78.696979,35.874601],[-78.696882,35.875476],[-78.696815,35.875614],[-78.696518,35.875812],[-78.696505,35.87585],[-78.696856,35.876158],[-78.697004,35.876328],[-78.697146,35.876575],[-78.69716,35.876657],[-78.697132,35.876883],[-78.696978,35.877339],[-78.696883,35.877399],[-78.696735,35.877427],[-78.696694,35.877471],[-78.696424,35.87796],[-78.696417,35.878025],[-78.69656,35.878091],[-78.696634,35.878086],[-78.696937,35.878036],[-78.697099,35.877976],[-78.697194,35.877899],[-78.697383,35.877547],[-78.697464,35.877481],[-78.697579,35.877503],[-78.697612,35.877948],[-78.697801,35.879113],[-78.697882,35.879333],[-78.698118,35.879443],[-78.698173,35.879509],[-78.698213,35.879624],[-78.69822,35.879816],[-78.698368,35.880321],[-78.698321,35.880558],[-78.698368,35.880794],[-78.698335,35.880981],[-78.698368,35.881041],[-78.698463,35.881085],[-78.698929,35.881063],[-78.699057,35.881085],[-78.699537,35.882546],[-78.699719,35.882892],[-78.699719,35.883106],[-78.699523,35.883431],[-78.699422,35.884013],[-78.699483,35.884046],[-78.700062,35.883992],[-78.699901,35.885199],[-78.699928,35.885353],[-78.699814,35.885469],[-78.699415,35.88576],[-78.699071,35.886205],[-78.69872,35.88654],[-78.698464,35.886732],[-78.698248,35.886864],[-78.697944,35.886985],[-78.697249,35.887424],[-78.696452,35.887837],[-78.695689,35.888298],[-78.695157,35.88876],[-78.695071,35.88889],[-78.697612,35.890156],[-78.697865,35.889827],[-78.698873,35.889824],[-78.698917,35.889261],[-78.700484,35.889276],[-78.70034,35.890291],[-78.700959,35.890345],[-78.701309,35.890922],[-78.701731,35.891321],[-78.701765,35.892184],[-78.700684,35.892197],[-78.700635,35.892311],[-78.700501,35.892313],[-78.700792,35.892611],[-78.701119,35.893078],[-78.70133,35.893503],[-78.701426,35.893871],[-78.70145,35.894524],[-78.701319,35.897891],[-78.701361,35.898262],[-78.701507,35.898807],[-78.702779,35.898838],[-78.702709,35.900567],[-78.702728,35.90087],[-78.702696,35.90087],[-78.702654,35.901778],[-78.703908,35.901657],[-78.704141,35.897919],[-78.704421,35.895979],[-78.706684,35.89603],[-78.706865,35.893332],[-78.710595,35.893492],[-78.710578,35.894139],[-78.710697,35.894285],[-78.711486,35.894565],[-78.711463,35.89533],[-78.712331,35.895367],[-78.712339,35.894904],[-78.71408,35.894996],[-78.714104,35.893333],[-78.713602,35.892945],[-78.713642,35.890694],[-78.713716,35.890644],[-78.714159,35.890996],[-78.71416,35.890876],[-78.71573,35.892204],[-78.71646,35.891862],[-78.716887,35.892443],[-78.727073,35.892769],[-78.727308,35.888961],[-78.721716,35.88961],[-78.721786,35.886802],[-78.72303,35.886854],[-78.723204,35.885548],[-78.724785,35.885632],[-78.724953,35.885928],[-78.726305,35.885787],[-78.725782,35.885894],[-78.726145,35.88695],[-78.727284,35.886838],[-78.727195,35.88649],[-78.726985,35.885968],[-78.727255,35.885927],[-78.727486,35.886543],[-78.727584,35.886999],[-78.727607,35.88756],[-78.727567,35.888381],[-78.731983,35.888587],[-78.731995,35.88983],[-78.732343,35.889838],[-78.732349,35.891833],[-78.738623,35.891816],[-78.738624,35.891682],[-78.740895,35.891542],[-78.740743,35.892509],[-78.740707,35.892523],[-78.740659,35.892634],[-78.739552,35.892641],[-78.739253,35.892697],[-78.738938,35.892832],[-78.73822,35.892831],[-78.737823,35.893152],[-78.73742,35.893365],[-78.733551,35.89468],[-78.732782,35.89522],[-78.732786,35.89561],[-78.732585,35.896059],[-78.732017,35.896752],[-78.731999,35.892245],[-78.730666,35.892207],[-78.730794,35.893395],[-78.729957,35.893345],[-78.729911,35.89403],[-78.730612,35.894049],[-78.730549,35.896796],[-78.727238,35.896726],[-78.727256,35.896356],[-78.727053,35.896374],[-78.72611,35.896335],[-78.726138,35.8955],[-78.724683,35.895469],[-78.724671,35.895813],[-78.724428,35.895994],[-78.724414,35.896097],[-78.724307,35.896094],[-78.724005,35.895869],[-78.724025,35.895454],[-78.723965,35.89488],[-78.723034,35.894861],[-78.72301,35.895437],[-78.722854,35.895435],[-78.722245,35.896186],[-78.723297,35.896764],[-78.7237,35.89705],[-78.723784,35.89694],[-78.724046,35.897209],[-78.724695,35.898028],[-78.724732,35.898042],[-78.7249,35.898319],[-78.725132,35.898816],[-78.725182,35.898974],[-78.725147,35.898993],[-78.72541,35.899707],[-78.725459,35.899695],[-78.725872,35.900876],[-78.726475,35.902452],[-78.726436,35.902477],[-78.726641,35.902885],[-78.726843,35.903232],[-78.727348,35.903438],[-78.727252,35.903598],[-78.727271,35.903776],[-78.728303,35.905147],[-78.728564,35.905583],[-78.728851,35.905591],[-78.728757,35.907153],[-78.7282,35.907484],[-78.728206,35.906334],[-78.72824,35.906317],[-78.728239,35.906179],[-78.7282,35.905833],[-78.728129,35.90557],[-78.727979,35.905228],[-78.727787,35.904927],[-78.726948,35.903815],[-78.72679,35.903892],[-78.726871,35.904174],[-78.726893,35.904416],[-78.726776,35.905012],[-78.726869,35.905063],[-78.726299,35.906581],[-78.726149,35.907115],[-78.725023,35.906615],[-78.72454,35.906438],[-78.723856,35.906245],[-78.72381,35.909241],[-78.723757,35.909981],[-78.722761,35.909975],[-78.722189,35.909116],[-78.722184,35.906184],[-78.7216,35.906359],[-78.720352,35.9069],[-78.719739,35.907119],[-78.718441,35.907488],[-78.717543,35.907656],[-78.71765,35.908348],[-78.717407,35.908593],[-78.716703,35.908503],[-78.71672,35.90767],[-78.71651,35.907694],[-78.716162,35.905647],[-78.715229,35.905252],[-78.715215,35.905213],[-78.714746,35.905198],[-78.714644,35.905227],[-78.714583,35.905179],[-78.714239,35.905249],[-78.714035,35.90522],[-78.714022,35.905141],[-78.713798,35.905117],[-78.713491,35.904985],[-78.713378,35.904773],[-78.71328,35.904757],[-78.712981,35.904516],[-78.712994,35.90445],[-78.710218,35.904315],[-78.710351,35.902947],[-78.709293,35.902924],[-78.706165,35.902131],[-78.705872,35.902875],[-78.705163,35.903115],[-78.705101,35.904234],[-78.703754,35.904233],[-78.70382,35.903129],[-78.703656,35.903163],[-78.70374,35.903433],[-78.703085,35.90357],[-78.70299,35.903298],[-78.702901,35.90332],[-78.703181,35.904233],[-78.703439,35.904239],[-78.703433,35.904683],[-78.704027,35.906654],[-78.70439,35.906799],[-78.704734,35.906994],[-78.706047,35.90806],[-78.706477,35.90829],[-78.708367,35.908759],[-78.708383,35.908154],[-78.708416,35.908156],[-78.708441,35.907557],[-78.709126,35.90763],[-78.709101,35.907989],[-78.709651,35.907937],[-78.709627,35.908733],[-78.710272,35.908469],[-78.710977,35.908026],[-78.711302,35.907859],[-78.711826,35.907661],[-78.712178,35.907592],[-78.711664,35.906752],[-78.712594,35.90594],[-78.712953,35.906116],[-78.71318,35.906282],[-78.713362,35.906503],[-78.713458,35.906756],[-78.71348,35.906943],[-78.71344,35.907583],[-78.713434,35.907671],[-78.7129,35.907649],[-78.712707,35.9135],[-78.713219,35.913513],[-78.716652,35.912754],[-78.723283,35.911632],[-78.723749,35.911522],[-78.725012,35.911076],[-78.725135,35.91128],[-78.728123,35.910528],[-78.728366,35.910494],[-78.728383,35.909456],[-78.730036,35.909558],[-78.730507,35.909039],[-78.729497,35.908544],[-78.729527,35.908492],[-78.73025,35.908818],[-78.730316,35.908821],[-78.730389,35.908795],[-78.730722,35.908306],[-78.733726,35.908839],[-78.73356,35.909483],[-78.733879,35.909767],[-78.735202,35.909496],[-78.735731,35.909337],[-78.73671,35.909314],[-78.737036,35.909231],[-78.73764,35.909202],[-78.737626,35.910142],[-78.737221,35.910212],[-78.736295,35.910297],[-78.735584,35.910555],[-78.733566,35.910751],[-78.732627,35.910981],[-78.731746,35.911296],[-78.729636,35.912451],[-78.729007,35.91265],[-78.728918,35.91275],[-78.728854,35.913189],[-78.728987,35.914374],[-78.729172,35.914859],[-78.729342,35.915125],[-78.729444,35.915361],[-78.7294,35.915524],[-78.729673,35.916068],[-78.732404,35.912898],[-78.734833,35.914135],[-78.734811,35.91522],[-78.729918,35.916965],[-78.730819,35.91874],[-78.731004,35.918944],[-78.731189,35.919074],[-78.731525,35.91921],[-78.732034,35.919323],[-78.733151,35.919494],[-78.734744,35.919597],[-78.736789,35.919534],[-78.736793,35.91966],[-78.737564,35.919695],[-78.73915,35.920106],[-78.739576,35.920296],[-78.740307,35.920494],[-78.740716,35.920648],[-78.740822,35.920801],[-78.740763,35.921226],[-78.740802,35.921657],[-78.740768,35.921835],[-78.740365,35.92265],[-78.74012,35.923281],[-78.739886,35.924037],[-78.73933,35.926639],[-78.739256,35.927108],[-78.73926,35.927446],[-78.739351,35.927867],[-78.739833,35.928934],[-78.740338,35.930351],[-78.740543,35.93084],[-78.74196,35.933857],[-78.741996,35.933915],[-78.742234,35.933943],[-78.742314,35.934084],[-78.742425,35.934482],[-78.742426,35.934832]],[[-78.752225,35.918455],[-78.751562,35.918428],[-78.751568,35.918357],[-78.751064,35.918322],[-78.751246,35.918038],[-78.75141,35.917686],[-78.751475,35.917247],[-78.75236,35.91733],[-78.752307,35.918459],[-78.752225,35.918455]],[[-78.768722,35.91166],[-78.769009,35.911792],[-78.768703,35.912578],[-78.768722,35.91166]],[[-78.771928,35.911049],[-78.771907,35.91117],[-78.771759,35.911381],[-78.77088,35.911351],[-78.770069,35.91063],[-78.770485,35.910003],[-78.770976,35.909641],[-78.771145,35.906566],[-78.771667,35.906637],[-78.772032,35.906729],[-78.773126,35.907117],[-78.773424,35.907286],[-78.77364,35.907291],[-78.775295,35.908335],[-78.775314,35.908382],[-78.774359,35.909309],[-78.774151,35.909286],[-78.774016,35.909416],[-78.773628,35.909447],[-78.772787,35.910294],[-78.772586,35.910162],[-78.772307,35.910444],[-78.772218,35.910343],[-78.772125,35.910311],[-78.771933,35.910361],[-78.77187,35.910496],[-78.771975,35.910665],[-78.771972,35.910781],[-78.77194,35.910813],[-78.77197,35.910832],[-78.771958,35.911025],[-78.771928,35.911049]],[[-78.812182,35.907084],[-78.814055,35.906297],[-78.812875,35.904391],[-78.81298,35.904362],[-78.812944,35.904302],[-78.813484,35.904151],[-78.813074,35.90341],[-78.813655,35.903434],[-78.814547,35.904802],[-78.81439,35.904964],[-78.813662,35.905305],[-78.814075,35.90596],[-78.814666,35.905689],[-78.815096,35.906281],[-78.814585,35.906506],[-78.8144,35.906733],[-78.814041,35.906963],[-78.813682,35.907759],[-78.812691,35.907205],[-78.812299,35.907118],[-78.812067,35.907132],[-78.812182,35.907084]],[[-78.739385,35.89739],[-78.738101,35.899341],[-78.737889,35.899714],[-78.737459,35.90071],[-78.73678,35.900617],[-78.735783,35.900584],[-78.736636,35.898626],[-78.736344,35.897987],[-78.736344,35.897344],[-78.738596,35.897342],[-78.739385,35.89739]],[[-78.746829,35.891948],[-78.746785,35.89287],[-78.746422,35.892861],[-78.746467,35.891933],[-78.746829,35.891948]],[[-78.726957,35.883964],[-78.726876,35.884387],[-78.726884,35.884836],[-78.726977,35.885243],[-78.727156,35.885694],[-78.72691,35.885725],[-78.726749,35.885348],[-78.726653,35.884992],[-78.726617,35.884628],[-78.726643,35.884256],[-78.725844,35.884327],[-78.726163,35.883529],[-78.726763,35.88371],[-78.727223,35.882795],[-78.727259,35.8828],[-78.72754,35.882277],[-78.727598,35.88212],[-78.72763,35.881958],[-78.727563,35.881941],[-78.727594,35.881851],[-78.727637,35.881862],[-78.72761,35.881522],[-78.727343,35.880111],[-78.727309,35.88011],[-78.727292,35.880014],[-78.727273,35.880075],[-78.727201,35.880108],[-78.726391,35.880093],[-78.726304,35.879603],[-78.724773,35.879576],[-78.724705,35.88128],[-78.724503,35.881275],[-78.72452,35.880839],[-78.723878,35.880454],[-78.723255,35.880455],[-78.723482,35.881001],[-78.723472,35.881249],[-78.724104,35.881265],[-78.724098,35.881428],[-78.722892,35.881398],[-78.722633,35.886077],[-78.718557,35.885929],[-78.718711,35.882553],[-78.719062,35.882562],[-78.719199,35.879553],[-78.718472,35.879528],[-78.718319,35.87929],[-78.717165,35.87922],[-78.717254,35.877681],[-78.717619,35.877673],[-78.717794,35.877713],[-78.718041,35.877904],[-78.718446,35.877903],[-78.718451,35.878144],[-78.718248,35.878302],[-78.718298,35.878729],[-78.71842,35.878952],[-78.718566,35.87913],[-78.719085,35.879366],[-78.719206,35.879383],[-78.719288,35.877191],[-78.725585,35.877394],[-78.72556,35.878203],[-78.725872,35.87824],[-78.726938,35.87827],[-78.726934,35.877438],[-78.727136,35.877528],[-78.727132,35.878209],[-78.727168,35.87849],[-78.727436,35.879568],[-78.727811,35.881452],[-78.72784,35.882128],[-78.726957,35.883964]],[[-78.712412,35.887347],[-78.712845,35.888371],[-78.711694,35.888686],[-78.71079,35.886316],[-78.710728,35.886299],[-78.710271,35.885175],[-78.709614,35.883954],[-78.708681,35.883918],[-78.709431,35.883616],[-78.708744,35.882365],[-78.707703,35.882844],[-78.707087,35.881921],[-78.708183,35.881348],[-78.708715,35.882212],[-78.712394,35.881199],[-78.712376,35.881833],[-78.709359,35.88289],[-78.709374,35.882918],[-78.709332,35.882933],[-78.710408,35.884897],[-78.710759,35.885686],[-78.711839,35.885472],[-78.711728,35.885911],[-78.710911,35.886084],[-78.711486,35.887598],[-78.712412,35.887347],[-78.712402,35.887328],[-78.712412,35.887347]],[[-78.712004,35.885316],[-78.712146,35.885185],[-78.712222,35.885218],[-78.712206,35.885398],[-78.712004,35.885316]],[[-78.71426,35.886454],[-78.71363,35.88631],[-78.714264,35.886298],[-78.71426,35.886454]],[[-78.74312,35.876822],[-78.743023,35.876793],[-78.743126,35.875925],[-78.742897,35.875911],[-78.743076,35.87543],[-78.742349,35.875252],[-78.742373,35.874596],[-78.742586,35.872872],[-78.73737,35.872797],[-78.737308,35.875022],[-78.736159,35.874999],[-78.736152,35.875158],[-78.733508,35.875086],[-78.733538,35.875014],[-78.731417,35.874685],[-78.731125,35.874713],[-78.730656,35.874327],[-78.72992,35.874912],[-78.729452,35.874523],[-78.72938,35.870798],[-78.728636,35.870805],[-78.728617,35.86957],[-78.729202,35.869564],[-78.7292,35.86943],[-78.729324,35.869429],[-78.729316,35.868854],[-78.729726,35.868854],[-78.72992,35.86893],[-78.730524,35.868468],[-78.730411,35.86782],[-78.730155,35.867451],[-78.729798,35.867234],[-78.729847,35.86668],[-78.730688,35.866511],[-78.730745,35.865877],[-78.729974,35.865117],[-78.729979,35.86447],[-78.729886,35.86436],[-78.729509,35.864309],[-78.729509,35.864227],[-78.728475,35.863493],[-78.72842,35.86344],[-78.728412,35.86338],[-78.728307,35.863366],[-78.72798,35.863142],[-78.727763,35.863076],[-78.727563,35.863112],[-78.727431,35.862912],[-78.727328,35.862911],[-78.727229,35.862845],[-78.727084,35.862807],[-78.727016,35.862743],[-78.726742,35.862806],[-78.726543,35.862744],[-78.726499,35.86271],[-78.726417,35.862512],[-78.72648,35.862376],[-78.726448,35.862245],[-78.726317,35.862177],[-78.726215,35.862217],[-78.726087,35.862122],[-78.725841,35.862044],[-78.72578,35.861917],[-78.725522,35.861743],[-78.724741,35.861635],[-78.724672,35.86156],[-78.72468,35.861486],[-78.724834,35.861289],[-78.724848,35.86051],[-78.723993,35.861511],[-78.721766,35.861414],[-78.72173,35.861658],[-78.721766,35.861413],[-78.722474,35.860074],[-78.723451,35.859013],[-78.722792,35.858739],[-78.722519,35.858043],[-78.721619,35.85801],[-78.721743,35.856709],[-78.723462,35.856717],[-78.723467,35.856635],[-78.72284,35.856456],[-78.722624,35.856348],[-78.722165,35.856421],[-78.7222,35.856298],[-78.722169,35.856175],[-78.722478,35.856128],[-78.722391,35.855323],[-78.72224,35.854834],[-78.722254,35.854525],[-78.722546,35.854224],[-78.722799,35.854034],[-78.722787,35.853661],[-78.722708,35.853391],[-78.723393,35.853871],[-78.723607,35.853834],[-78.724013,35.853291],[-78.723875,35.852973],[-78.723868,35.852832],[-78.725203,35.852892],[-78.725774,35.854868],[-78.725982,35.855385],[-78.726253,35.855719],[-78.727148,35.85653],[-78.727857,35.857015],[-78.728334,35.857218],[-78.729142,35.857397],[-78.729459,35.857563],[-78.729716,35.857845],[-78.729843,35.858197],[-78.729871,35.858648],[-78.729551,35.859848],[-78.729564,35.860101],[-78.729667,35.860342],[-78.731166,35.862171],[-78.73158,35.862506],[-78.732045,35.862773],[-78.734268,35.863686],[-78.736134,35.864815],[-78.736393,35.865058],[-78.736601,35.865408],[-78.736874,35.866057],[-78.737724,35.866088],[-78.74168,35.86612],[-78.741657,35.866643],[-78.741529,35.86711],[-78.741462,35.868386],[-78.741502,35.868982],[-78.746377,35.869087],[-78.745957,35.870962],[-78.746505,35.871009],[-78.746573,35.870955],[-78.746624,35.87096],[-78.746189,35.872041],[-78.745194,35.873325],[-78.744986,35.875213],[-78.750124,35.875453],[-78.750115,35.875829],[-78.750817,35.875851],[-78.750759,35.877498],[-78.750079,35.877468],[-78.750046,35.880288],[-78.747886,35.880146],[-78.747946,35.877366],[-78.74725,35.877336],[-78.74724,35.87793],[-78.74687,35.877914],[-78.746849,35.879176],[-78.745791,35.879147],[-78.74578,35.879937],[-78.745351,35.879705],[-78.745265,35.879304],[-78.745123,35.879303],[-78.744842,35.87982],[-78.744757,35.879693],[-78.744171,35.87975],[-78.74413,35.8796],[-78.743202,35.879573],[-78.743681,35.878424],[-78.743922,35.877488],[-78.743024,35.877352],[-78.74312,35.876822]],[[-78.711592,35.873111],[-78.710919,35.873163],[-78.708829,35.87312],[-78.708833,35.872597],[-78.710858,35.872637],[-78.711168,35.871667],[-78.712336,35.87141],[-78.712818,35.871406],[-78.712883,35.871464],[-78.713104,35.871451],[-78.712995,35.872637],[-78.713014,35.873017],[-78.712029,35.873039],[-78.711878,35.872653],[-78.71148,35.872647],[-78.711592,35.873111]],[[-78.715231,35.87079],[-78.71525,35.871251],[-78.713905,35.871212],[-78.71399,35.869838],[-78.715285,35.869885],[-78.715307,35.869928],[-78.715231,35.87079]],[[-78.720987,35.868496],[-78.72089,35.868515],[-78.719497,35.867553],[-78.72011,35.866966],[-78.720485,35.867226],[-78.72163,35.866129],[-78.721724,35.866166],[-78.72213,35.865411],[-78.72351,35.865969],[-78.72345,35.866072],[-78.723387,35.866362],[-78.723269,35.866636],[-78.723427,35.867421],[-78.723711,35.867604],[-78.723493,35.867831],[-78.72244,35.867103],[-78.720987,35.868496]],[[-78.742398,35.881293],[-78.742474,35.881177],[-78.743296,35.881395],[-78.74329,35.881641],[-78.742122,35.881608],[-78.742308,35.881361],[-78.742348,35.881363],[-78.742398,35.881293]],[[-78.724008,35.848134],[-78.724041,35.848135],[-78.724074,35.848767],[-78.724129,35.848768],[-78.724113,35.84958],[-78.724192,35.850422],[-78.723573,35.850476],[-78.723485,35.850114],[-78.723236,35.849624],[-78.723184,35.849132],[-78.722908,35.848664],[-78.72296,35.848387],[-78.723112,35.848237],[-78.723509,35.848112],[-78.724011,35.848057],[-78.724008,35.848134]],[[-78.685099,35.834766],[-78.684329,35.834842],[-78.683176,35.83539],[-78.683128,35.835328],[-78.683376,35.83518],[-78.684689,35.83458],[-78.684728,35.834511],[-78.682943,35.832577],[-78.682226,35.833031],[-78.681816,35.832601],[-78.682292,35.832339],[-78.682518,35.832179],[-78.682675,35.832013],[-78.683439,35.83284],[-78.683996,35.832632],[-78.683949,35.832434],[-78.683093,35.83152],[-78.683363,35.831211],[-78.683514,35.831117],[-78.683753,35.831063],[-78.683949,35.83107],[-78.684693,35.831209],[-78.685137,35.831169],[-78.685473,35.831023],[-78.686272,35.830478],[-78.686642,35.830337],[-78.687305,35.833451],[-78.6874,35.833435],[-78.687512,35.83395],[-78.687503,35.834545],[-78.68711,35.83473],[-78.687113,35.834565],[-78.685099,35.834766]],[[-78.711124,35.89142],[-78.710331,35.890768],[-78.711507,35.890154],[-78.711662,35.889867],[-78.711575,35.889704],[-78.712122,35.8893],[-78.712221,35.889427],[-78.712488,35.889667],[-78.713048,35.890112],[-78.711929,35.890781],[-78.711275,35.891545],[-78.711124,35.89142]],[[-78.701997,35.896864],[-78.70153,35.896858],[-78.701512,35.896818],[-78.701469,35.896817],[-78.701492,35.896343],[-78.702265,35.896366],[-78.702525,35.896874],[-78.701997,35.896864]],[[-78.70339,35.898671],[-78.702786,35.898645],[-78.70279,35.898537],[-78.70152,35.898509],[-78.701433,35.897978],[-78.701446,35.89731],[-78.702855,35.897346],[-78.702824,35.897984],[-78.703021,35.897994],[-78.703048,35.897369],[-78.70373,35.8974],[-78.703708,35.898022],[-78.703433,35.89801],[-78.70339,35.898671]]]]},"properties":{"COUNCIL_DIST":"E","COUNCIL_PERSON":"Christina Jones","ObjectID":1},"id":1},{"type":"Feature","geometry":{"type":"MultiPolygon","coordinates":[[[[-78.532857,35.720956],[-78.533235,35.721085],[-78.5336,35.721252],[-78.534244,35.721667],[-78.534569,35.721841],[-78.535282,35.722082],[-78.53584,35.720507],[-78.535887,35.720527],[-78.5363,35.719717],[-78.536318,35.719398],[-78.535519,35.719354],[-78.535488,35.719741],[-78.53523,35.720248],[-78.533964,35.719711],[-78.53327,35.719598],[-78.532857,35.720956]]],[[[-78.501795,35.724252],[-78.501872,35.724397],[-78.502542,35.724501],[-78.506661,35.72549],[-78.507951,35.725738],[-78.509441,35.725947],[-78.512667,35.726527],[-78.513647,35.726772],[-78.51433,35.726255],[-78.514261,35.726192],[-78.51447,35.725955],[-78.514962,35.725248],[-78.515165,35.725026],[-78.515405,35.724835],[-78.515679,35.724668],[-78.516869,35.724211],[-78.516935,35.724268],[-78.517673,35.723668],[-78.517888,35.723383],[-78.518056,35.723076],[-78.518162,35.722655],[-78.518518,35.720689],[-78.518715,35.720075],[-78.519483,35.718837],[-78.52213,35.715031],[-78.522226,35.71507],[-78.5221,35.716033],[-78.526535,35.717619],[-78.5265,35.717246],[-78.526561,35.717095],[-78.526531,35.716937],[-78.526648,35.71683],[-78.526762,35.716502],[-78.526728,35.716359],[-78.526777,35.716266],[-78.526758,35.716024],[-78.526628,35.715877],[-78.526623,35.715824],[-78.526679,35.715744],[-78.526484,35.715624],[-78.526438,35.715572],[-78.526442,35.715509],[-78.526481,35.715448],[-78.526456,35.715297],[-78.5265,35.715299],[-78.526585,35.715031],[-78.526695,35.715005],[-78.526559,35.714675],[-78.52648,35.714592],[-78.526429,35.71459],[-78.526367,35.714506],[-78.526395,35.714457],[-78.526171,35.714266],[-78.526117,35.714276],[-78.526026,35.714061],[-78.525894,35.713953],[-78.527577,35.713986],[-78.527813,35.713334],[-78.524335,35.712066],[-78.522354,35.714886],[-78.522262,35.714845],[-78.523112,35.708253],[-78.522221,35.708479],[-78.52182,35.70875],[-78.521126,35.708717],[-78.520744,35.709076],[-78.520236,35.709464],[-78.519484,35.70981],[-78.519057,35.710309],[-78.518764,35.710779],[-78.518866,35.710963],[-78.518802,35.711028],[-78.518863,35.71114],[-78.518719,35.711528],[-78.51856,35.711605],[-78.518619,35.711749],[-78.518477,35.712412],[-78.517876,35.712238],[-78.517431,35.712444],[-78.517342,35.713051],[-78.51741,35.713598],[-78.516185,35.71407],[-78.51583,35.714588],[-78.515167,35.714888],[-78.515295,35.715291],[-78.512933,35.718254],[-78.51253,35.71798],[-78.512302,35.717271],[-78.510987,35.716752],[-78.508435,35.715467],[-78.507364,35.715422],[-78.507191,35.716012],[-78.507345,35.716028],[-78.507259,35.716959],[-78.507298,35.717309],[-78.507234,35.717555],[-78.50646,35.71793],[-78.506099,35.718668],[-78.505882,35.7187],[-78.505841,35.719056],[-78.505704,35.719231],[-78.505477,35.719135],[-78.505248,35.719321],[-78.503905,35.719403],[-78.502569,35.721433],[-78.502186,35.722064],[-78.501999,35.722598],[-78.5021,35.723197],[-78.501719,35.723965],[-78.501795,35.724252]]],[[[-78.573819,35.728776],[-78.574101,35.728976],[-78.574369,35.72922],[-78.575353,35.730391],[-78.576018,35.729627],[-78.575618,35.729338],[-78.575036,35.728656],[-78.574537,35.728183],[-78.573819,35.728776]]],[[[-78.594733,35.739856],[-78.592511,35.740691],[-78.591814,35.741339],[-78.592833,35.743744],[-78.593882,35.746355],[-78.594286,35.747229],[-78.594706,35.747371],[-78.595082,35.747356],[-78.595019,35.746193],[-78.595984,35.746158],[-78.5954,35.744866],[-78.595416,35.744711],[-78.595621,35.74359],[-78.595684,35.743448],[-78.595988,35.743121],[-78.596299,35.742626],[-78.596439,35.742163],[-78.594946,35.739777],[-78.594733,35.739856]]],[[[-78.592207,35.746097],[-78.592118,35.746761],[-78.591464,35.746783],[-78.591547,35.747451],[-78.591627,35.747486],[-78.592986,35.747433],[-78.593101,35.747402],[-78.59229,35.74547],[-78.592207,35.746097]]],[[[-78.544255,35.745238],[-78.543753,35.745234],[-78.543771,35.740301],[-78.542636,35.740776],[-78.54222,35.741063],[-78.541354,35.741776],[-78.537532,35.742665],[-78.537521,35.744372],[-78.535493,35.744973],[-78.53469,35.745326],[-78.533859,35.745476],[-78.533884,35.745992],[-78.539797,35.746266],[-78.540073,35.747952],[-78.540414,35.748173],[-78.540566,35.748384],[-78.541136,35.748419],[-78.541232,35.748042],[-78.541792,35.747967],[-78.542209,35.748319],[-78.542837,35.748765],[-78.542773,35.747608],[-78.543181,35.747104],[-78.543163,35.747126],[-78.543731,35.747158],[-78.543736,35.745821],[-78.544252,35.745821],[-78.544255,35.745238]]],[[[-78.536706,35.754267],[-78.53799,35.754602],[-78.538185,35.755214],[-78.5414,35.756162],[-78.540787,35.752389],[-78.539946,35.752468],[-78.539979,35.753412],[-78.539461,35.753684],[-78.538284,35.753723],[-78.537816,35.754066],[-78.537392,35.752763],[-78.536101,35.753504],[-78.536599,35.75431],[-78.536706,35.754267]]],[[[-78.543615,35.757595],[-78.544247,35.757786],[-78.544462,35.757312],[-78.543832,35.757123],[-78.543615,35.757595]]],[[[-78.544859,35.757707],[-78.544754,35.757938],[-78.545073,35.758033],[-78.545299,35.757532],[-78.544984,35.757434],[-78.544859,35.757707]]],[[[-78.567072,35.758352],[-78.567208,35.759978],[-78.569902,35.760653],[-78.569814,35.759657],[-78.568954,35.759486],[-78.569071,35.759033],[-78.569035,35.758855],[-78.569321,35.758451],[-78.569684,35.758093],[-78.569765,35.759111],[-78.572417,35.759689],[-78.572535,35.759345],[-78.574738,35.759983],[-78.574988,35.759412],[-78.575691,35.75833],[-78.576291,35.757558],[-78.576919,35.756882],[-78.57226,35.757244],[-78.566986,35.757361],[-78.567072,35.758352]]],[[[-78.571816,35.761735],[-78.574076,35.76203],[-78.574136,35.761711],[-78.571934,35.761388],[-78.571816,35.761735]]],[[[-78.561644,35.761664],[-78.56169,35.762221],[-78.562383,35.762219],[-78.562328,35.76169],[-78.561644,35.761664]]],[[[-78.563057,35.761872],[-78.563089,35.762244],[-78.563598,35.762319],[-78.563544,35.76177],[-78.563042,35.761714],[-78.563057,35.761872]]],[[[-78.564312,35.762007],[-78.563775,35.762072],[-78.563808,35.762359],[-78.564405,35.762594],[-78.564853,35.762845],[-78.565055,35.761714],[-78.564379,35.761634],[-78.564312,35.762007]]],[[[-78.569459,35.764125],[-78.56955,35.764093],[-78.569675,35.764121],[-78.569774,35.764249],[-78.570437,35.76462],[-78.570573,35.764455],[-78.570581,35.764084],[-78.570423,35.764082],[-78.569568,35.763852],[-78.569459,35.764125]]],[[[-78.568739,35.76399],[-78.568467,35.765282],[-78.568716,35.765471],[-78.569025,35.763889],[-78.568784,35.763786],[-78.568739,35.76399]]],[[[-78.570616,35.837359],[-78.57242,35.840576],[-78.573671,35.842963],[-78.578568,35.840752],[-78.579087,35.840441],[-78.579312,35.840269],[-78.579673,35.839952],[-78.580002,35.839528],[-78.58119,35.837334],[-78.580911,35.83731],[-78.581182,35.836784],[-78.582393,35.835027],[-78.58368,35.833028],[-78.583911,35.832624],[-78.584157,35.832101],[-78.584411,35.831338],[-78.585098,35.829082],[-78.585778,35.827],[-78.586157,35.826024],[-78.586614,35.82522],[-78.587349,35.824174],[-78.587991,35.823421],[-78.588771,35.822668],[-78.589858,35.821826],[-78.590996,35.821098],[-78.591759,35.820719],[-78.595851,35.818819],[-78.598581,35.817507],[-78.600767,35.816512],[-78.603569,35.815077],[-78.605114,35.814337],[-78.607297,35.817114],[-78.609536,35.819848],[-78.610048,35.820304],[-78.610395,35.820525],[-78.612243,35.821355],[-78.615146,35.819696],[-78.616191,35.81903],[-78.617057,35.818257],[-78.617606,35.817662],[-78.618354,35.81646],[-78.619876,35.813535],[-78.624319,35.804617],[-78.628609,35.804104],[-78.629523,35.803949],[-78.630398,35.80368],[-78.639722,35.799591],[-78.640652,35.799007],[-78.641176,35.798573],[-78.64154,35.798204],[-78.642139,35.797385],[-78.642484,35.796685],[-78.641201,35.79607],[-78.640928,35.79587],[-78.641415,35.79498],[-78.642374,35.791555],[-78.642616,35.790583],[-78.643048,35.787613],[-78.642942,35.787308],[-78.642961,35.78714],[-78.642924,35.786716],[-78.642494,35.785104],[-78.642197,35.78474],[-78.641855,35.784548],[-78.641641,35.784355],[-78.64158,35.784211],[-78.641554,35.783958],[-78.64174,35.779683],[-78.641966,35.775692],[-78.63836,35.775568],[-78.638676,35.769777],[-78.638735,35.769541],[-78.63894,35.769365],[-78.638901,35.768415],[-78.639044,35.767182],[-78.639398,35.763108],[-78.639398,35.762074],[-78.639543,35.760577],[-78.639714,35.759617],[-78.639992,35.758539],[-78.641348,35.754531],[-78.64052,35.754605],[-78.639569,35.754622],[-78.638457,35.754549],[-78.637689,35.754437],[-78.636851,35.754256],[-78.635446,35.753855],[-78.635475,35.753627],[-78.634012,35.753212],[-78.63409,35.752369],[-78.634386,35.751261],[-78.634649,35.75007],[-78.634812,35.74952],[-78.635043,35.748922],[-78.635535,35.74802],[-78.638009,35.744115],[-78.638215,35.743653],[-78.638388,35.743116],[-78.63854,35.742306],[-78.630641,35.740453],[-78.630499,35.74045],[-78.628274,35.736008],[-78.628089,35.735586],[-78.627928,35.734911],[-78.62778,35.732124],[-78.62764,35.731439],[-78.627201,35.730752],[-78.626384,35.729664],[-78.626302,35.729698],[-78.626692,35.730239],[-78.626644,35.730248],[-78.627295,35.73112],[-78.62658,35.731084],[-78.626597,35.730815],[-78.622072,35.730642],[-78.621776,35.731667],[-78.611296,35.731248],[-78.61101,35.735046],[-78.609878,35.734986],[-78.609942,35.735253],[-78.608943,35.737017],[-78.610198,35.737961],[-78.609988,35.738151],[-78.610003,35.738135],[-78.608181,35.736774],[-78.607663,35.736914],[-78.607074,35.737665],[-78.607049,35.737155],[-78.605733,35.73734],[-78.606009,35.735284],[-78.603886,35.734146],[-78.602958,35.733535],[-78.601709,35.736637],[-78.601298,35.737748],[-78.597678,35.736875],[-78.597551,35.736785],[-78.597525,35.740727],[-78.597675,35.740708],[-78.597817,35.740806],[-78.597797,35.740854],[-78.597877,35.740917],[-78.598322,35.741171],[-78.598449,35.741279],[-78.598466,35.741363],[-78.598682,35.741527],[-78.59877,35.741639],[-78.598855,35.74164],[-78.598902,35.741744],[-78.599027,35.741867],[-78.599248,35.741904],[-78.599314,35.742053],[-78.599375,35.742087],[-78.599417,35.742245],[-78.59951,35.742363],[-78.599077,35.743937],[-78.597037,35.744027],[-78.597238,35.747546],[-78.595517,35.747587],[-78.595555,35.748369],[-78.593465,35.749289],[-78.593356,35.749289],[-78.593421,35.749104],[-78.593098,35.747752],[-78.593138,35.747631],[-78.592461,35.747658],[-78.592041,35.748897],[-78.590822,35.749257],[-78.590692,35.747748],[-78.589999,35.747724],[-78.589307,35.747608],[-78.58817,35.747267],[-78.588166,35.747296],[-78.586409,35.746656],[-78.586281,35.746723],[-78.586398,35.747674],[-78.586317,35.747661],[-78.586274,35.748459],[-78.586099,35.749292],[-78.586186,35.74929],[-78.586092,35.749691],[-78.587673,35.74992],[-78.587378,35.751066],[-78.586419,35.750926],[-78.586343,35.75121],[-78.585661,35.751091],[-78.585508,35.75141],[-78.585343,35.751661],[-78.585344,35.751743],[-78.58568,35.752743],[-78.584496,35.75287],[-78.58457,35.754033],[-78.583517,35.754285],[-78.582626,35.754547],[-78.582566,35.75507],[-78.58258,35.755313],[-78.582703,35.755938],[-78.582757,35.755933],[-78.582941,35.756885],[-78.582463,35.756939],[-78.582594,35.758288],[-78.582353,35.75802],[-78.582159,35.757885],[-78.581979,35.757829],[-78.58188,35.757675],[-78.581722,35.757579],[-78.581569,35.757543],[-78.581454,35.757433],[-78.581372,35.757432],[-78.581092,35.757309],[-78.580812,35.757104],[-78.580728,35.757002],[-78.58064,35.756745],[-78.580437,35.756493],[-78.580338,35.756457],[-78.579944,35.756448],[-78.57987,35.756493],[-78.579758,35.756656],[-78.579663,35.756692],[-78.57937,35.756699],[-78.57907,35.756934],[-78.579056,35.757047],[-78.579108,35.757157],[-78.579211,35.757255],[-78.579203,35.757353],[-78.579144,35.757412],[-78.578655,35.75737],[-78.578412,35.75731],[-78.578289,35.75723],[-78.578199,35.757103],[-78.5776,35.757684],[-78.576979,35.758397],[-78.576338,35.759307],[-78.575798,35.760304],[-78.575425,35.761302],[-78.575144,35.762432],[-78.571716,35.762016],[-78.571422,35.762895],[-78.571319,35.763373],[-78.573883,35.763656],[-78.573847,35.764319],[-78.573665,35.765017],[-78.573385,35.765897],[-78.572709,35.767638],[-78.571894,35.767679],[-78.57137,35.767563],[-78.571621,35.766262],[-78.570686,35.766054],[-78.570919,35.765473],[-78.569294,35.765329],[-78.569185,35.765914],[-78.570018,35.766875],[-78.568477,35.766679],[-78.568015,35.766174],[-78.568025,35.766065],[-78.568065,35.766109],[-78.568979,35.765969],[-78.56875,35.765738],[-78.568374,35.765441],[-78.567306,35.764722],[-78.567213,35.764823],[-78.567188,35.764985],[-78.567239,35.765577],[-78.567763,35.765581],[-78.56777,35.765635],[-78.56652,35.765571],[-78.565718,35.765893],[-78.564243,35.765898],[-78.564994,35.765197],[-78.565374,35.764266],[-78.56518,35.764204],[-78.565789,35.763478],[-78.566224,35.763774],[-78.566316,35.763748],[-78.56635,35.763627],[-78.566347,35.76334],[-78.566237,35.761297],[-78.565561,35.761288],[-78.565169,35.763054],[-78.564862,35.763057],[-78.564744,35.763172],[-78.56267,35.763655],[-78.562537,35.763259],[-78.564441,35.762803],[-78.563907,35.762575],[-78.563382,35.762439],[-78.562558,35.762384],[-78.561752,35.762387],[-78.561838,35.763423],[-78.561821,35.763891],[-78.561083,35.764452],[-78.561013,35.766062],[-78.560851,35.765915],[-78.56092,35.764384],[-78.561658,35.763824],[-78.561673,35.763401],[-78.561526,35.762385],[-78.560937,35.762382],[-78.560939,35.763],[-78.56035,35.763],[-78.560353,35.762381],[-78.560014,35.762129],[-78.560032,35.761199],[-78.560112,35.760612],[-78.560319,35.759845],[-78.560643,35.759011],[-78.561409,35.759207],[-78.561522,35.76039],[-78.563345,35.760134],[-78.563175,35.759673],[-78.562902,35.759141],[-78.562456,35.758693],[-78.562622,35.758735],[-78.562895,35.758876],[-78.563091,35.759114],[-78.563643,35.759008],[-78.565726,35.759012],[-78.565589,35.758341],[-78.563234,35.758315],[-78.562607,35.757186],[-78.5623,35.756535],[-78.563433,35.756581],[-78.563324,35.756014],[-78.566855,35.756098],[-78.566871,35.754893],[-78.569249,35.754755],[-78.569916,35.753196],[-78.570146,35.752861],[-78.570404,35.752591],[-78.570875,35.752181],[-78.571039,35.751898],[-78.57126,35.751889],[-78.571512,35.751925],[-78.571704,35.751997],[-78.571902,35.75213],[-78.572389,35.752565],[-78.572564,35.752477],[-78.571916,35.751916],[-78.571688,35.751802],[-78.571441,35.751739],[-78.571494,35.751472],[-78.57195,35.751446],[-78.572101,35.751583],[-78.572225,35.751495],[-78.574473,35.753488],[-78.574463,35.754242],[-78.574334,35.75446],[-78.576722,35.754324],[-78.576675,35.754497],[-78.577242,35.755131],[-78.577196,35.755475],[-78.577345,35.755877],[-78.577561,35.756287],[-78.578575,35.755496],[-78.579396,35.754922],[-78.58056,35.754332],[-78.581223,35.754041],[-78.581853,35.753805],[-78.583007,35.753438],[-78.583621,35.752867],[-78.584576,35.752173],[-78.585016,35.751766],[-78.585306,35.751337],[-78.585512,35.750793],[-78.584992,35.750812],[-78.58513,35.750312],[-78.585104,35.750316],[-78.585112,35.750286],[-78.585793,35.750319],[-78.586199,35.748469],[-78.586243,35.747873],[-78.586079,35.746391],[-78.588619,35.747304],[-78.588602,35.746046],[-78.589302,35.746246],[-78.590036,35.746392],[-78.590745,35.746415],[-78.590559,35.746303],[-78.5905,35.745751],[-78.591206,35.74584],[-78.592265,35.745413],[-78.590535,35.741392],[-78.590559,35.741384],[-78.590529,35.741303],[-78.589178,35.737948],[-78.5893,35.737916],[-78.587035,35.732511],[-78.586404,35.731446],[-78.586037,35.730531],[-78.584996,35.727627],[-78.584153,35.726007],[-78.583484,35.724937],[-78.583239,35.724426],[-78.583069,35.724188],[-78.582857,35.724155],[-78.582064,35.724669],[-78.580649,35.725785],[-78.580617,35.725758],[-78.579204,35.726853],[-78.578876,35.727161],[-78.578587,35.72751],[-78.577526,35.729696],[-78.578051,35.729827],[-78.578407,35.729849],[-78.578478,35.729324],[-78.580326,35.729431],[-78.580291,35.729842],[-78.582008,35.729943],[-78.582046,35.729532],[-78.583969,35.729646],[-78.584168,35.729886],[-78.584343,35.729952],[-78.58453,35.730147],[-78.58446,35.730315],[-78.584485,35.730493],[-78.584738,35.731344],[-78.584864,35.7322],[-78.584662,35.732296],[-78.584447,35.732493],[-78.584237,35.732547],[-78.584195,35.732749],[-78.5839,35.733384],[-78.583658,35.733618],[-78.583596,35.73378],[-78.583815,35.734076],[-78.583532,35.734262],[-78.583212,35.734354],[-78.583183,35.734533],[-78.583295,35.734709],[-78.583272,35.734899],[-78.583415,35.734992],[-78.583783,35.734995],[-78.584031,35.735142],[-78.584283,35.735511],[-78.584189,35.735869],[-78.583396,35.736122],[-78.583257,35.736109],[-78.582736,35.736809],[-78.582591,35.736837],[-78.58242,35.736826],[-78.581911,35.736878],[-78.581762,35.736812],[-78.581603,35.736655],[-78.581439,35.736574],[-78.581283,35.736367],[-78.581123,35.736217],[-78.580951,35.73626],[-78.580775,35.736377],[-78.580607,35.736362],[-78.580442,35.736198],[-78.580271,35.736229],[-78.579609,35.736557],[-78.579109,35.736493],[-78.578894,35.73179],[-78.577932,35.730432],[-78.577444,35.729875],[-78.576517,35.731424],[-78.577036,35.731395],[-78.577562,35.73212],[-78.57759,35.732731],[-78.577511,35.733062],[-78.576761,35.734278],[-78.577311,35.734502],[-78.576927,35.735199],[-78.574693,35.734292],[-78.573817,35.735649],[-78.573324,35.736328],[-78.570438,35.74004],[-78.571334,35.74016],[-78.571441,35.740037],[-78.572183,35.739863],[-78.573102,35.739728],[-78.573143,35.740704],[-78.572841,35.7412],[-78.570124,35.740141],[-78.569568,35.739898],[-78.569085,35.740411],[-78.569101,35.740524],[-78.56897,35.740811],[-78.568813,35.741407],[-78.568685,35.74163],[-78.568648,35.741799],[-78.568781,35.741894],[-78.568924,35.742127],[-78.568859,35.742848],[-78.568694,35.743407],[-78.569046,35.743503],[-78.569537,35.744023],[-78.569544,35.744269],[-78.569728,35.744575],[-78.569173,35.744777],[-78.568868,35.745089],[-78.56841,35.745079],[-78.568271,35.745338],[-78.568244,35.745656],[-78.56674,35.746647],[-78.566406,35.746751],[-78.565997,35.746989],[-78.565686,35.747072],[-78.565043,35.747065],[-78.564421,35.750039],[-78.564796,35.749847],[-78.565266,35.749529],[-78.565291,35.750419],[-78.565008,35.750445],[-78.564837,35.751001],[-78.564846,35.751207],[-78.564516,35.751933],[-78.563944,35.751758],[-78.56389,35.751699],[-78.56381,35.751897],[-78.563692,35.751866],[-78.562035,35.756111],[-78.562137,35.756188],[-78.561558,35.757688],[-78.561312,35.757287],[-78.561937,35.755689],[-78.561279,35.754284],[-78.561216,35.754296],[-78.561521,35.753469],[-78.56136,35.753097],[-78.56243,35.750169],[-78.560989,35.750412],[-78.560485,35.747911],[-78.560646,35.747774],[-78.56089,35.747753],[-78.561226,35.747572],[-78.561462,35.747312],[-78.561791,35.747237],[-78.562041,35.747239],[-78.562208,35.747072],[-78.562401,35.747041],[-78.562634,35.747093],[-78.56301,35.747353],[-78.56322,35.747352],[-78.563396,35.746983],[-78.563543,35.746825],[-78.56371,35.746799],[-78.564119,35.746879],[-78.564934,35.74691],[-78.565161,35.745758],[-78.565371,35.744926],[-78.566517,35.741819],[-78.566975,35.741029],[-78.567681,35.740192],[-78.568702,35.739404],[-78.567824,35.738593],[-78.566943,35.737904],[-78.562279,35.734695],[-78.560809,35.733644],[-78.560151,35.73301],[-78.559563,35.733438],[-78.558299,35.732219],[-78.558189,35.732512],[-78.557163,35.731697],[-78.557188,35.731652],[-78.556333,35.73166],[-78.556668,35.730448],[-78.557786,35.731099],[-78.55792,35.730973],[-78.558325,35.730961],[-78.558682,35.730845],[-78.558749,35.730871],[-78.559278,35.730104],[-78.559226,35.729968],[-78.559838,35.730217],[-78.559259,35.73106],[-78.55945,35.731132],[-78.558816,35.731591],[-78.559253,35.732015],[-78.559189,35.732077],[-78.560146,35.733008],[-78.561367,35.731909],[-78.563029,35.732548],[-78.56294,35.733279],[-78.56312,35.733304],[-78.563422,35.733269],[-78.563861,35.733352],[-78.56465,35.733363],[-78.56519,35.733224],[-78.566783,35.733264],[-78.567326,35.733342],[-78.567635,35.733532],[-78.56845,35.733154],[-78.568012,35.731195],[-78.569479,35.731922],[-78.569808,35.733392],[-78.569607,35.733739],[-78.569654,35.734421],[-78.573519,35.735735],[-78.574148,35.734789],[-78.572794,35.734307],[-78.57322,35.733752],[-78.574433,35.734341],[-78.575097,35.733266],[-78.575005,35.733265],[-78.574344,35.732959],[-78.574129,35.732795],[-78.573753,35.732396],[-78.574378,35.732005],[-78.574614,35.73162],[-78.575481,35.730712],[-78.57518,35.730478],[-78.574895,35.730141],[-78.574314,35.730565],[-78.573854,35.729985],[-78.57449,35.729652],[-78.574317,35.729425],[-78.574016,35.729141],[-78.573227,35.728599],[-78.572093,35.729345],[-78.571537,35.729151],[-78.571436,35.728883],[-78.572614,35.728223],[-78.572056,35.727848],[-78.572077,35.727832],[-78.571926,35.727694],[-78.57271,35.727374],[-78.57235,35.726628],[-78.573006,35.726465],[-78.574281,35.725911],[-78.573511,35.725003],[-78.578871,35.724909],[-78.577708,35.726601],[-78.577462,35.726529],[-78.577135,35.726333],[-78.576844,35.726286],[-78.576106,35.725982],[-78.576055,35.726034],[-78.575966,35.726047],[-78.575901,35.726124],[-78.575554,35.726245],[-78.575148,35.726075],[-78.574589,35.726338],[-78.574911,35.726793],[-78.574878,35.72681],[-78.575252,35.727296],[-78.575296,35.727274],[-78.57599,35.728048],[-78.577274,35.727294],[-78.577218,35.727259],[-78.577293,35.727204],[-78.577995,35.727649],[-78.578193,35.727337],[-78.57884,35.726727],[-78.581344,35.724746],[-78.582401,35.723847],[-78.582626,35.72328],[-78.582446,35.722506],[-78.5824,35.722143],[-78.582403,35.72188],[-78.582019,35.721207],[-78.580989,35.720873],[-78.58025,35.721319],[-78.57976,35.721014],[-78.578125,35.720904],[-78.578203,35.720789],[-78.577791,35.720976],[-78.577583,35.721138],[-78.577474,35.721063],[-78.57741,35.721168],[-78.577017,35.721295],[-78.576835,35.721253],[-78.576279,35.72154],[-78.576042,35.721614],[-78.576022,35.721381],[-78.575209,35.721525],[-78.575178,35.721401],[-78.574966,35.721334],[-78.574876,35.721432],[-78.574866,35.721576],[-78.574705,35.721435],[-78.574629,35.72157],[-78.574532,35.721582],[-78.574484,35.721655],[-78.574535,35.721736],[-78.574448,35.721832],[-78.57437,35.721864],[-78.57424,35.722053],[-78.574254,35.722107],[-78.574183,35.722154],[-78.574097,35.722526],[-78.574227,35.722666],[-78.573978,35.722721],[-78.574022,35.722909],[-78.573798,35.722971],[-78.573502,35.723357],[-78.573669,35.723598],[-78.573494,35.723838],[-78.573307,35.724013],[-78.573262,35.724176],[-78.57306,35.724298],[-78.572972,35.724201],[-78.572892,35.724237],[-78.572975,35.724338],[-78.572781,35.724442],[-78.572732,35.724518],[-78.572717,35.72466],[-78.572182,35.724787],[-78.572047,35.724714],[-78.571833,35.724731],[-78.571829,35.724293],[-78.567955,35.725809],[-78.568125,35.72703],[-78.566986,35.727112],[-78.567463,35.729017],[-78.570104,35.728742],[-78.570289,35.729744],[-78.570176,35.729795],[-78.570139,35.729891],[-78.570248,35.730031],[-78.57035,35.730399],[-78.567997,35.73114],[-78.567922,35.73082],[-78.562428,35.731122],[-78.562389,35.730507],[-78.562356,35.730499],[-78.562606,35.730251],[-78.562893,35.730081],[-78.562925,35.729968],[-78.563037,35.729913],[-78.563239,35.729621],[-78.563372,35.729542],[-78.563481,35.729426],[-78.563521,35.729259],[-78.563628,35.729132],[-78.563887,35.728993],[-78.56413,35.728935],[-78.564298,35.728738],[-78.564364,35.728714],[-78.564512,35.728377],[-78.564552,35.728406],[-78.564639,35.7284],[-78.564652,35.728445],[-78.564733,35.728472],[-78.565015,35.728337],[-78.565414,35.728318],[-78.565516,35.728436],[-78.56576,35.728473],[-78.566133,35.7286],[-78.566858,35.728964],[-78.566528,35.725799],[-78.565694,35.725762],[-78.56432,35.725797],[-78.562767,35.725762],[-78.562125,35.725922],[-78.561496,35.725912],[-78.561233,35.726145],[-78.561188,35.726138],[-78.561205,35.726006],[-78.561148,35.725959],[-78.561019,35.725953],[-78.560846,35.725853],[-78.560788,35.725717],[-78.560642,35.725735],[-78.560575,35.725654],[-78.561018,35.725311],[-78.561739,35.725321],[-78.561643,35.724996],[-78.560281,35.72507],[-78.560252,35.724766],[-78.560561,35.724755],[-78.560406,35.724104],[-78.561151,35.723964],[-78.563696,35.724056],[-78.563656,35.723765],[-78.56439,35.723796],[-78.56445,35.724427],[-78.561408,35.724164],[-78.561779,35.724794],[-78.566597,35.725417],[-78.565991,35.723487],[-78.565191,35.722286],[-78.565072,35.722185],[-78.567034,35.721808],[-78.567287,35.723628],[-78.571713,35.722779],[-78.571154,35.720744],[-78.570909,35.720263],[-78.570389,35.719495],[-78.570108,35.718885],[-78.569802,35.717776],[-78.569771,35.717326],[-78.570041,35.717317],[-78.570066,35.717242],[-78.570145,35.717212],[-78.57327,35.717192],[-78.573631,35.71723],[-78.574117,35.717374],[-78.574133,35.717427],[-78.573854,35.718097],[-78.573831,35.718591],[-78.572214,35.718597],[-78.572215,35.718734],[-78.570302,35.718741],[-78.570431,35.719078],[-78.570632,35.71947],[-78.571297,35.720459],[-78.571474,35.720952],[-78.571807,35.722211],[-78.574433,35.721744],[-78.574075,35.720403],[-78.574066,35.71823],[-78.574116,35.718024],[-78.574365,35.717474],[-78.574433,35.717459],[-78.575094,35.717632],[-78.575698,35.717651],[-78.57606,35.717616],[-78.577213,35.717384],[-78.577575,35.717386],[-78.577752,35.717455],[-78.57792,35.71739],[-78.579944,35.717416],[-78.580867,35.719052],[-78.581042,35.718978],[-78.58105,35.718925],[-78.581008,35.718892],[-78.581184,35.718762],[-78.581218,35.718627],[-78.58127,35.718644],[-78.581459,35.718583],[-78.581487,35.7185],[-78.581762,35.71845],[-78.581943,35.718363],[-78.582053,35.718241],[-78.58211,35.718256],[-78.582182,35.718207],[-78.582282,35.71797],[-78.582356,35.717929],[-78.582369,35.717864],[-78.582547,35.717798],[-78.582489,35.717645],[-78.58265,35.717636],[-78.582646,35.717486],[-78.582725,35.717399],[-78.582685,35.717327],[-78.582834,35.717154],[-78.582821,35.71708],[-78.582879,35.717036],[-78.582973,35.717051],[-78.583016,35.717021],[-78.58302,35.716934],[-78.583147,35.716833],[-78.583198,35.716845],[-78.583292,35.716773],[-78.58335,35.716767],[-78.584613,35.716774],[-78.584573,35.715235],[-78.584604,35.714582],[-78.577758,35.714541],[-78.577769,35.713527],[-78.576795,35.714191],[-78.576223,35.714393],[-78.575024,35.715383],[-78.575416,35.716673],[-78.575401,35.717458],[-78.575012,35.717425],[-78.573655,35.71704],[-78.57334,35.717004],[-78.57291,35.717002],[-78.572861,35.716947],[-78.572858,35.716717],[-78.572626,35.716708],[-78.572626,35.716956],[-78.572569,35.717003],[-78.570104,35.717016],[-78.570034,35.716946],[-78.569794,35.716941],[-78.569827,35.716265],[-78.56979,35.715926],[-78.569738,35.715739],[-78.569583,35.715415],[-78.569194,35.714901],[-78.56874,35.714558],[-78.567722,35.714119],[-78.567349,35.713868],[-78.566219,35.712818],[-78.565911,35.712481],[-78.565213,35.711282],[-78.564979,35.71098],[-78.564686,35.71076],[-78.564503,35.71069],[-78.564155,35.71063],[-78.564144,35.710697],[-78.564261,35.710768],[-78.564359,35.71091],[-78.564343,35.710982],[-78.564389,35.711084],[-78.564363,35.711323],[-78.564286,35.711464],[-78.564442,35.711507],[-78.564476,35.711784],[-78.56436,35.711951],[-78.564316,35.712091],[-78.564351,35.712224],[-78.564288,35.7123],[-78.564363,35.712387],[-78.564342,35.712534],[-78.564458,35.712903],[-78.564383,35.712981],[-78.564484,35.713029],[-78.564499,35.71317],[-78.56457,35.713293],[-78.564559,35.713385],[-78.564509,35.713416],[-78.564557,35.713528],[-78.564423,35.71358],[-78.564434,35.713859],[-78.564249,35.71398],[-78.564111,35.714201],[-78.56421,35.714373],[-78.564289,35.714802],[-78.564356,35.714941],[-78.564262,35.714976],[-78.564237,35.715044],[-78.564348,35.715308],[-78.564236,35.715364],[-78.564322,35.715511],[-78.564237,35.7161],[-78.564248,35.716228],[-78.564136,35.716454],[-78.564174,35.716545],[-78.563914,35.71684],[-78.563965,35.716916],[-78.563902,35.717013],[-78.563939,35.717191],[-78.563907,35.717295],[-78.563991,35.71758],[-78.563957,35.717701],[-78.563882,35.717765],[-78.564106,35.718083],[-78.56405,35.718218],[-78.563007,35.718233],[-78.562537,35.717988],[-78.562615,35.718085],[-78.561714,35.717071],[-78.557732,35.712088],[-78.555824,35.709648],[-78.556338,35.708817],[-78.55545,35.708156],[-78.555031,35.708051],[-78.554838,35.707705],[-78.554957,35.707534],[-78.553118,35.706685],[-78.552202,35.708369],[-78.548862,35.707156],[-78.54865,35.708845],[-78.542689,35.70903],[-78.541838,35.709223],[-78.541196,35.709284],[-78.540739,35.709169],[-78.539489,35.709343],[-78.539367,35.709199],[-78.537418,35.710031],[-78.538136,35.710842],[-78.537656,35.711251],[-78.537716,35.711559],[-78.537549,35.71192],[-78.537231,35.712085],[-78.536646,35.712158],[-78.536458,35.712318],[-78.53614,35.712471],[-78.536158,35.712962],[-78.535689,35.713308],[-78.535437,35.714237],[-78.534948,35.714473],[-78.534396,35.7146],[-78.533921,35.71504],[-78.53344,35.715293],[-78.532795,35.715254],[-78.538381,35.71581],[-78.538104,35.720947],[-78.538801,35.721082],[-78.539058,35.722728],[-78.540507,35.722971],[-78.540541,35.722483],[-78.540636,35.722385],[-78.540849,35.722365],[-78.541004,35.722024],[-78.541101,35.721706],[-78.541335,35.721561],[-78.545002,35.72222],[-78.54461,35.723662],[-78.545418,35.723813],[-78.545941,35.723951],[-78.545721,35.728703],[-78.540374,35.728853],[-78.540387,35.727878],[-78.54082,35.7277],[-78.54098,35.727466],[-78.541056,35.727433],[-78.541003,35.72736],[-78.541062,35.727268],[-78.541264,35.727266],[-78.541294,35.727147],[-78.541407,35.727064],[-78.541601,35.727051],[-78.541644,35.727083],[-78.541653,35.727149],[-78.541745,35.727104],[-78.541803,35.727115],[-78.541917,35.727023],[-78.542034,35.727005],[-78.542103,35.727041],[-78.542194,35.726973],[-78.542379,35.726923],[-78.542546,35.726989],[-78.542523,35.726851],[-78.542614,35.726902],[-78.542736,35.726852],[-78.542949,35.726603],[-78.542952,35.726492],[-78.543027,35.726427],[-78.542968,35.72638],[-78.542983,35.726246],[-78.543094,35.726251],[-78.543199,35.726153],[-78.543256,35.726071],[-78.543246,35.725976],[-78.543289,35.725934],[-78.543308,35.725961],[-78.543431,35.725899],[-78.543432,35.725788],[-78.543663,35.725621],[-78.543652,35.725594],[-78.543696,35.725554],[-78.543866,35.725544],[-78.543898,35.725589],[-78.544033,35.725593],[-78.544185,35.725548],[-78.544225,35.725564],[-78.544214,35.725598],[-78.544356,35.725631],[-78.544414,35.725582],[-78.544598,35.725625],[-78.544724,35.725598],[-78.544668,35.725533],[-78.544987,35.725552],[-78.545021,35.725475],[-78.545086,35.725445],[-78.545078,35.725379],[-78.54529,35.725356],[-78.545417,35.725148],[-78.545495,35.72511],[-78.545539,35.725019],[-78.545626,35.724971],[-78.544604,35.724971],[-78.544493,35.723806],[-78.544286,35.723771],[-78.544337,35.724301],[-78.543468,35.724157],[-78.543407,35.7244],[-78.542588,35.724261],[-78.542342,35.725225],[-78.541628,35.725101],[-78.541831,35.724528],[-78.542121,35.7234],[-78.541926,35.723369],[-78.541777,35.723948],[-78.54125,35.723787],[-78.54109,35.724409],[-78.538655,35.723997],[-78.538351,35.724346],[-78.538601,35.722822],[-78.537584,35.722663],[-78.537002,35.72377],[-78.536548,35.724483],[-78.535333,35.724067],[-78.535275,35.724337],[-78.534654,35.724124],[-78.534842,35.723252],[-78.534804,35.723244],[-78.535051,35.722221],[-78.534345,35.721945],[-78.533886,35.721678],[-78.533908,35.721657],[-78.533614,35.721457],[-78.532933,35.723084],[-78.532629,35.724374],[-78.530815,35.72402],[-78.530938,35.723448],[-78.530364,35.723341],[-78.530154,35.724231],[-78.529875,35.725641],[-78.528752,35.725665],[-78.528671,35.732325],[-78.528733,35.732412],[-78.528512,35.732509],[-78.528623,35.73257],[-78.5288,35.732796],[-78.529086,35.733566],[-78.529235,35.734137],[-78.5293,35.734669],[-78.529231,35.735101],[-78.521276,35.736693],[-78.521173,35.737733],[-78.518682,35.740217],[-78.510288,35.740177],[-78.509853,35.741101],[-78.511191,35.742336],[-78.50457,35.742284],[-78.504672,35.742539],[-78.504909,35.742948],[-78.504911,35.743238],[-78.50486,35.743327],[-78.504863,35.743458],[-78.504831,35.743531],[-78.50488,35.745838],[-78.504953,35.746238],[-78.505321,35.746859],[-78.506473,35.748486],[-78.506877,35.749269],[-78.507239,35.750085],[-78.507484,35.750433],[-78.507664,35.751195],[-78.510038,35.751189],[-78.50986,35.74635],[-78.513875,35.746343],[-78.513789,35.745781],[-78.515864,35.745776],[-78.516273,35.747564],[-78.516471,35.748999],[-78.524356,35.749026],[-78.524154,35.754441],[-78.525501,35.754458],[-78.525852,35.748303],[-78.526233,35.748381],[-78.526576,35.74839],[-78.526887,35.748473],[-78.526993,35.748367],[-78.527222,35.748328],[-78.52736,35.748349],[-78.527576,35.748199],[-78.527585,35.748126],[-78.527771,35.748044],[-78.527829,35.747983],[-78.528058,35.747981],[-78.528146,35.747887],[-78.528208,35.747873],[-78.528219,35.74777],[-78.528281,35.747695],[-78.528343,35.747691],[-78.528358,35.74764],[-78.5285,35.747549],[-78.528742,35.747566],[-78.528779,35.747478],[-78.528906,35.747395],[-78.529029,35.747349],[-78.529128,35.747372],[-78.529208,35.747318],[-78.529407,35.747288],[-78.529421,35.74715],[-78.529526,35.747199],[-78.529761,35.747197],[-78.529824,35.747228],[-78.529953,35.747179],[-78.529818,35.746869],[-78.529681,35.746741],[-78.529558,35.746426],[-78.52862,35.745151],[-78.528005,35.744187],[-78.52744,35.743102],[-78.527118,35.742593],[-78.527047,35.742405],[-78.526818,35.742029],[-78.52637,35.740976],[-78.526291,35.740587],[-78.526303,35.740471],[-78.526435,35.740098],[-78.526613,35.739751],[-78.526713,35.739704],[-78.526886,35.73944],[-78.527042,35.739318],[-78.52719,35.739128],[-78.527646,35.739206],[-78.529056,35.73928],[-78.533352,35.739348],[-78.533435,35.740569],[-78.536046,35.740418],[-78.536044,35.739395],[-78.539161,35.739373],[-78.539125,35.739827],[-78.541037,35.741749],[-78.541943,35.740984],[-78.542334,35.740697],[-78.542634,35.740528],[-78.543692,35.74009],[-78.543691,35.739315],[-78.543834,35.738487],[-78.543851,35.737844],[-78.547749,35.73789],[-78.549948,35.737853],[-78.549327,35.738467],[-78.554922,35.738872],[-78.555738,35.738956],[-78.555591,35.739928],[-78.550346,35.739352],[-78.549544,35.739347],[-78.549535,35.73941],[-78.548968,35.739346],[-78.547895,35.739344],[-78.547192,35.73946],[-78.547148,35.740717],[-78.54559,35.740714],[-78.545588,35.741129],[-78.546224,35.74113],[-78.546216,35.742558],[-78.545581,35.74256],[-78.545579,35.742716],[-78.546882,35.742726],[-78.546859,35.743237],[-78.547062,35.743238],[-78.546956,35.746072],[-78.545557,35.746057],[-78.54555,35.747305],[-78.546913,35.747307],[-78.54683,35.749687],[-78.544657,35.749108],[-78.544584,35.752406],[-78.544593,35.75478],[-78.544559,35.757124],[-78.545822,35.757506],[-78.545825,35.757464],[-78.546218,35.757586],[-78.54862,35.75842],[-78.548626,35.758381],[-78.548621,35.758418],[-78.548698,35.75845],[-78.549394,35.758677],[-78.549391,35.758748],[-78.549817,35.758956],[-78.550706,35.759526],[-78.550902,35.759607],[-78.552402,35.760637],[-78.553634,35.761349],[-78.553492,35.761575],[-78.553211,35.761923],[-78.554046,35.762247],[-78.553685,35.76377],[-78.550069,35.763796],[-78.550067,35.762102],[-78.546939,35.762135],[-78.546877,35.772009],[-78.546576,35.771521],[-78.54497,35.770868],[-78.543756,35.769477],[-78.543413,35.76863],[-78.543375,35.768174],[-78.543156,35.768173],[-78.54244,35.767365],[-78.542317,35.767099],[-78.54215,35.766927],[-78.54162,35.766628],[-78.541165,35.766505],[-78.540644,35.766409],[-78.540296,35.766308],[-78.540226,35.766255],[-78.539905,35.767652],[-78.539379,35.768726],[-78.539147,35.77026],[-78.539375,35.771441],[-78.539439,35.771571],[-78.53944,35.77173],[-78.539668,35.772151],[-78.539704,35.772316],[-78.53992,35.772609],[-78.540153,35.773439],[-78.540079,35.773732],[-78.540089,35.774137],[-78.539974,35.77464],[-78.539655,35.775316],[-78.539264,35.7758],[-78.538612,35.776747],[-78.538323,35.777112],[-78.538063,35.77772],[-78.537804,35.778381],[-78.537636,35.779027],[-78.537704,35.779697],[-78.537568,35.780187],[-78.537608,35.781031],[-78.53812,35.781033],[-78.538755,35.782053],[-78.538983,35.782026],[-78.539855,35.782627],[-78.537206,35.782617],[-78.537114,35.782965],[-78.53695,35.783375],[-78.536833,35.783859],[-78.536728,35.784956],[-78.536581,35.785519],[-78.536453,35.785828],[-78.536252,35.786169],[-78.535475,35.787201],[-78.535118,35.78774],[-78.534946,35.788136],[-78.534887,35.788388],[-78.534908,35.788908],[-78.535011,35.789277],[-78.535161,35.789596],[-78.535567,35.790066],[-78.535805,35.790426],[-78.536005,35.790665],[-78.536035,35.790759],[-78.536773,35.791832],[-78.537399,35.792376],[-78.53844,35.792911],[-78.538979,35.793303],[-78.539124,35.793432],[-78.53889,35.793562],[-78.538969,35.793654],[-78.540902,35.792665],[-78.54143,35.792462],[-78.541932,35.79232],[-78.542719,35.792185],[-78.543389,35.792144],[-78.544046,35.792169],[-78.54483,35.792276],[-78.545483,35.79245],[-78.54616,35.792711],[-78.54862,35.793983],[-78.54874,35.793837],[-78.554423,35.796814],[-78.554572,35.796958],[-78.555093,35.797315],[-78.555129,35.797402],[-78.555627,35.797644],[-78.556056,35.797809],[-78.556829,35.798032],[-78.557672,35.798179],[-78.562817,35.798644],[-78.562707,35.799283],[-78.562679,35.799743],[-78.56267,35.800223],[-78.562753,35.80064],[-78.56306,35.801419],[-78.564007,35.80306],[-78.564264,35.803406],[-78.564436,35.803818],[-78.564603,35.804386],[-78.564688,35.805099],[-78.564669,35.806184],[-78.564627,35.806741],[-78.564681,35.80776],[-78.56485,35.808431],[-78.565235,35.80948],[-78.565778,35.811354],[-78.565568,35.811544],[-78.565684,35.811544],[-78.565991,35.812559],[-78.564607,35.812831],[-78.564326,35.812526],[-78.563644,35.812935],[-78.564404,35.813682],[-78.564621,35.813719],[-78.566244,35.813393],[-78.566547,35.81438],[-78.565098,35.814472],[-78.561591,35.813863],[-78.561072,35.81412],[-78.560402,35.814504],[-78.559457,35.815237],[-78.560172,35.815799],[-78.559872,35.816423],[-78.55868,35.816086],[-78.558069,35.816953],[-78.557505,35.81749],[-78.558224,35.818056],[-78.557493,35.8187],[-78.557832,35.818967],[-78.557488,35.81926],[-78.556416,35.818426],[-78.555957,35.818826],[-78.556107,35.819441],[-78.556209,35.820322],[-78.555335,35.820392],[-78.555381,35.820934],[-78.557047,35.820807],[-78.557063,35.821003],[-78.558822,35.820836],[-78.558878,35.825108],[-78.559048,35.825105],[-78.559201,35.828877],[-78.556861,35.829519],[-78.557644,35.831781],[-78.557649,35.832642],[-78.55718,35.833032],[-78.55563,35.833147],[-78.555649,35.834037],[-78.556297,35.83399],[-78.557099,35.833796],[-78.558617,35.833254],[-78.560966,35.832357],[-78.561513,35.832117],[-78.562581,35.831741],[-78.563309,35.831542],[-78.563538,35.831502],[-78.563959,35.831488],[-78.567501,35.831408],[-78.568303,35.831334],[-78.569245,35.831203],[-78.569146,35.83292],[-78.569159,35.834972],[-78.569219,35.835203],[-78.569552,35.835838],[-78.570616,35.837359]],[[-78.568451,35.827623],[-78.568459,35.827845],[-78.569178,35.827853],[-78.569197,35.828988],[-78.560908,35.828902],[-78.560813,35.827968],[-78.560708,35.827851],[-78.565746,35.827839],[-78.565738,35.827228],[-78.565601,35.827079],[-78.565566,35.826446],[-78.563756,35.826465],[-78.563754,35.825847],[-78.563445,35.825698],[-78.563436,35.825077],[-78.56692,35.825052],[-78.566908,35.823954],[-78.569067,35.823937],[-78.569078,35.825035],[-78.569128,35.825034],[-78.569174,35.827607],[-78.56845,35.827593],[-78.568451,35.827623]],[[-78.575939,35.817555],[-78.575937,35.817581],[-78.57641,35.81761],[-78.57634,35.818686],[-78.575971,35.818896],[-78.575664,35.819181],[-78.574772,35.820245],[-78.574556,35.820448],[-78.574203,35.820664],[-78.57384,35.820802],[-78.573476,35.820889],[-78.571553,35.821217],[-78.571125,35.82132],[-78.569863,35.821715],[-78.56986,35.821269],[-78.569046,35.821274],[-78.568957,35.82013],[-78.568873,35.819828],[-78.568808,35.819827],[-78.568619,35.81933],[-78.569617,35.819167],[-78.569917,35.819737],[-78.57057,35.819752],[-78.570712,35.815498],[-78.570896,35.815532],[-78.570986,35.815502],[-78.571063,35.815581],[-78.571227,35.815564],[-78.571426,35.815656],[-78.57156,35.815641],[-78.571693,35.815686],[-78.571829,35.815675],[-78.571871,35.81571],[-78.572069,35.815703],[-78.572139,35.815741],[-78.572464,35.815803],[-78.572563,35.815762],[-78.572739,35.815815],[-78.572856,35.815816],[-78.572938,35.815921],[-78.573028,35.815904],[-78.573072,35.815933],[-78.573041,35.815979],[-78.573186,35.816068],[-78.57345,35.816014],[-78.57392,35.815994],[-78.573185,35.810649],[-78.574136,35.810615],[-78.574071,35.810673],[-78.574091,35.810865],[-78.574544,35.810832],[-78.57469,35.81213],[-78.575331,35.812088],[-78.575578,35.814438],[-78.575685,35.814556],[-78.575793,35.81456],[-78.576327,35.814334],[-78.576411,35.814244],[-78.576455,35.814087],[-78.576275,35.812365],[-78.575821,35.812397],[-78.575804,35.812232],[-78.576257,35.812202],[-78.576243,35.812071],[-78.577055,35.812017],[-78.577329,35.815041],[-78.576191,35.814977],[-78.575939,35.817555]],[[-78.563324,35.819989],[-78.563346,35.820797],[-78.562363,35.8208],[-78.562366,35.820563],[-78.561656,35.820549],[-78.561643,35.819977],[-78.562355,35.819991],[-78.562352,35.819936],[-78.563125,35.819934],[-78.563124,35.819911],[-78.563322,35.819908],[-78.563324,35.819989]],[[-78.576164,35.811368],[-78.576134,35.811049],[-78.576742,35.811015],[-78.576777,35.811338],[-78.576164,35.811368]],[[-78.592565,35.808659],[-78.592565,35.809113],[-78.592682,35.809887],[-78.592668,35.809957],[-78.592273,35.810497],[-78.591952,35.8105],[-78.583404,35.809827],[-78.58364,35.807734],[-78.583163,35.806125],[-78.577551,35.805906],[-78.577497,35.806994],[-78.577294,35.806986],[-78.577284,35.807159],[-78.576593,35.807164],[-78.576594,35.807439],[-78.571645,35.807474],[-78.571913,35.798992],[-78.575985,35.798191],[-78.576703,35.797999],[-78.576557,35.801463],[-78.577596,35.801504],[-78.577585,35.801756],[-78.578076,35.801768],[-78.577803,35.801974],[-78.577746,35.803019],[-78.57845,35.802866],[-78.578669,35.802657],[-78.579074,35.802481],[-78.579117,35.802556],[-78.579593,35.802413],[-78.580677,35.801988],[-78.580779,35.804623],[-78.585485,35.803178],[-78.585405,35.8029],[-78.591943,35.802994],[-78.591947,35.803506],[-78.591813,35.803632],[-78.591576,35.804027],[-78.591326,35.804869],[-78.591307,35.805149],[-78.591416,35.80562],[-78.591327,35.805745],[-78.591277,35.805739],[-78.591188,35.805845],[-78.591177,35.806013],[-78.591105,35.806154],[-78.591105,35.806377],[-78.591161,35.806558],[-78.591318,35.806724],[-78.591432,35.807011],[-78.591668,35.807262],[-78.591771,35.807329],[-78.592171,35.807381],[-78.592411,35.807459],[-78.592696,35.807468],[-78.592656,35.808347],[-78.592572,35.808341],[-78.592565,35.808659]],[[-78.568218,35.801159],[-78.569237,35.801242],[-78.567682,35.802812],[-78.567336,35.802282],[-78.567327,35.802193],[-78.567726,35.801804],[-78.568018,35.801398],[-78.568097,35.801232],[-78.568125,35.801236],[-78.568167,35.801155],[-78.568218,35.801159]],[[-78.551216,35.794003],[-78.55125,35.794021],[-78.551279,35.795021],[-78.551026,35.794886],[-78.550997,35.793885],[-78.551216,35.794003]],[[-78.550787,35.794073],[-78.550818,35.794773],[-78.550545,35.794635],[-78.550517,35.79393],[-78.550787,35.794073]],[[-78.552956,35.787735],[-78.55289,35.789939],[-78.547619,35.790049],[-78.547532,35.790016],[-78.547098,35.788489],[-78.546249,35.786186],[-78.553012,35.785891],[-78.552956,35.787735]],[[-78.57623,35.781505],[-78.576258,35.78178],[-78.576033,35.782108],[-78.575833,35.782198],[-78.575414,35.78218],[-78.575434,35.781207],[-78.575739,35.780853],[-78.575954,35.780507],[-78.576246,35.780593],[-78.576644,35.780634],[-78.577543,35.780615],[-78.577929,35.780555],[-78.57808,35.780586],[-78.577865,35.781325],[-78.577466,35.781313],[-78.576952,35.781199],[-78.576155,35.781279],[-78.57623,35.781505]],[[-78.54964,35.78113],[-78.548657,35.781181],[-78.548635,35.780871],[-78.549748,35.778596],[-78.550062,35.778692],[-78.551286,35.777968],[-78.552183,35.77845],[-78.54964,35.78113]],[[-78.545016,35.780559],[-78.545037,35.781056],[-78.542561,35.781048],[-78.542559,35.780638],[-78.542475,35.780639],[-78.542463,35.780476],[-78.542546,35.78041],[-78.542512,35.780105],[-78.542423,35.779808],[-78.542275,35.779742],[-78.542206,35.779641],[-78.542247,35.779527],[-78.542378,35.779472],[-78.54233,35.778856],[-78.540387,35.77886],[-78.540187,35.778816],[-78.540388,35.778521],[-78.539804,35.778254],[-78.540447,35.777339],[-78.544181,35.777312],[-78.544433,35.778029],[-78.54372,35.778033],[-78.543725,35.778856],[-78.542917,35.778858],[-78.543234,35.779949],[-78.544183,35.78004],[-78.544187,35.780474],[-78.544929,35.780476],[-78.545016,35.780559]],[[-78.581801,35.777688],[-78.582552,35.777245],[-78.582561,35.778916],[-78.581821,35.778924],[-78.581801,35.777688]],[[-78.582568,35.77646],[-78.582075,35.776612],[-78.581639,35.776855],[-78.581579,35.77684],[-78.581517,35.77672],[-78.582569,35.776366],[-78.582568,35.77646]],[[-78.543807,35.776389],[-78.543817,35.776416],[-78.543161,35.776549],[-78.542965,35.776024],[-78.543617,35.775883],[-78.543807,35.776389]],[[-78.578898,35.775384],[-78.578814,35.77592],[-78.576038,35.775891],[-78.575919,35.774312],[-78.575156,35.773891],[-78.575069,35.773662],[-78.574966,35.77326],[-78.574894,35.772768],[-78.57481,35.771342],[-78.574887,35.771137],[-78.574875,35.770809],[-78.574925,35.770169],[-78.575693,35.768172],[-78.576786,35.768006],[-78.577504,35.767996],[-78.577906,35.768023],[-78.578686,35.7682],[-78.579678,35.768644],[-78.579331,35.771132],[-78.579561,35.771194],[-78.578898,35.775384]],[[-78.581113,35.772595],[-78.581338,35.770954],[-78.58145,35.770961],[-78.581225,35.772598],[-78.581113,35.772595]],[[-78.581722,35.772592],[-78.582375,35.772569],[-78.582601,35.77342],[-78.581756,35.773436],[-78.581722,35.772592]],[[-78.580886,35.774585],[-78.580898,35.774291],[-78.582593,35.774264],[-78.582589,35.77459],[-78.580886,35.774585]],[[-78.598149,35.756861],[-78.598245,35.758962],[-78.597923,35.759026],[-78.597789,35.758959],[-78.597788,35.758839],[-78.597889,35.758758],[-78.597942,35.758162],[-78.598031,35.758056],[-78.597954,35.757556],[-78.59766,35.757465],[-78.597413,35.757312],[-78.59692,35.757203],[-78.596731,35.757271],[-78.596174,35.756791],[-78.595894,35.756927],[-78.595291,35.75697],[-78.594933,35.756857],[-78.594517,35.75687],[-78.594071,35.757071],[-78.593451,35.75722],[-78.593126,35.757114],[-78.592908,35.757232],[-78.592686,35.757189],[-78.592449,35.756994],[-78.592334,35.757047],[-78.592146,35.757309],[-78.59201,35.757342],[-78.591834,35.757239],[-78.591746,35.757262],[-78.591659,35.75539],[-78.597061,35.752641],[-78.597468,35.753052],[-78.597975,35.753436],[-78.597975,35.752204],[-78.597745,35.747264],[-78.598112,35.747251],[-78.598104,35.747281],[-78.600681,35.747179],[-78.60063,35.749086],[-78.601515,35.749045],[-78.601337,35.751822],[-78.600941,35.756722],[-78.59811,35.756018],[-78.598149,35.756861]],[[-78.622243,35.732315],[-78.627703,35.73253],[-78.627744,35.733355],[-78.621871,35.733116],[-78.622128,35.732311],[-78.622243,35.732315]],[[-78.56899,35.751559],[-78.568881,35.751455],[-78.568042,35.751503],[-78.567499,35.750807],[-78.568339,35.75076],[-78.568594,35.751085],[-78.569187,35.750777],[-78.57181,35.750628],[-78.571867,35.751282],[-78.569232,35.751433],[-78.56899,35.751559]],[[-78.568174,35.749998],[-78.568172,35.750071],[-78.566913,35.75011],[-78.566919,35.749531],[-78.568183,35.749495],[-78.568174,35.749998]],[[-78.585678,35.746076],[-78.585656,35.746209],[-78.583894,35.745551],[-78.583815,35.741269],[-78.584211,35.741272],[-78.584202,35.740408],[-78.5832,35.7404],[-78.583192,35.740795],[-78.583124,35.740794],[-78.583132,35.740399],[-78.582957,35.740398],[-78.58297,35.740144],[-78.582877,35.739876],[-78.582794,35.739753],[-78.582813,35.73966],[-78.583683,35.739667],[-78.583569,35.739205],[-78.58334,35.739204],[-78.582976,35.738102],[-78.582574,35.737361],[-78.583693,35.737367],[-78.583499,35.737235],[-78.583354,35.736976],[-78.58404,35.737292],[-78.584458,35.737905],[-78.583862,35.737717],[-78.584073,35.738106],[-78.584423,35.739168],[-78.584833,35.740793],[-78.585115,35.741279],[-78.585562,35.741281],[-78.585678,35.746076]],[[-78.553055,35.751607],[-78.553047,35.751796],[-78.552756,35.751969],[-78.551623,35.752015],[-78.551508,35.751871],[-78.551482,35.751543],[-78.551319,35.751318],[-78.550568,35.751383],[-78.550157,35.750959],[-78.550072,35.75002],[-78.550175,35.749965],[-78.550572,35.749992],[-78.550691,35.749684],[-78.550886,35.749446],[-78.551198,35.749428],[-78.551897,35.749466],[-78.552146,35.74944],[-78.552471,35.749482],[-78.553075,35.749483],[-78.553628,35.749546],[-78.55407,35.749522],[-78.554244,35.749474],[-78.554353,35.749338],[-78.55479,35.749351],[-78.555008,35.749414],[-78.555283,35.749284],[-78.556163,35.749094],[-78.556889,35.748877],[-78.557181,35.748848],[-78.557366,35.748748],[-78.55772,35.748428],[-78.558144,35.748386],[-78.558552,35.748276],[-78.559187,35.749442],[-78.559074,35.749369],[-78.5587,35.749394],[-78.558316,35.749553],[-78.557891,35.749576],[-78.557471,35.75007],[-78.557461,35.750472],[-78.556926,35.750689],[-78.556778,35.750694],[-78.556274,35.750415],[-78.556063,35.750362],[-78.555701,35.75044],[-78.555486,35.75076],[-78.555605,35.751078],[-78.555779,35.751145],[-78.555459,35.751362],[-78.555347,35.751611],[-78.555325,35.750796],[-78.55524,35.750544],[-78.555152,35.750005],[-78.554777,35.750227],[-78.554159,35.750409],[-78.553627,35.750445],[-78.55318,35.750963],[-78.553408,35.751195],[-78.553344,35.751468],[-78.553055,35.751607]],[[-78.553332,35.737559],[-78.553337,35.737833],[-78.550385,35.737849],[-78.551391,35.737182],[-78.551536,35.737297],[-78.553331,35.73728],[-78.553332,35.737559]],[[-78.55106,35.736968],[-78.550318,35.7366],[-78.550524,35.7361],[-78.549137,35.735953],[-78.549093,35.736224],[-78.548759,35.736188],[-78.54729,35.736165],[-78.547666,35.73493],[-78.54789,35.734704],[-78.548047,35.734219],[-78.547784,35.734112],[-78.547599,35.734074],[-78.54741,35.734064],[-78.546766,35.736129],[-78.546145,35.736119],[-78.546139,35.736147],[-78.545738,35.736146],[-78.543842,35.736119],[-78.543817,35.732948],[-78.554805,35.732927],[-78.554583,35.733204],[-78.554758,35.733293],[-78.556531,35.733674],[-78.556134,35.736203],[-78.552735,35.73624],[-78.552645,35.73619],[-78.551842,35.736902],[-78.551649,35.736772],[-78.55106,35.736968]],[[-78.560393,35.731404],[-78.560548,35.731481],[-78.560482,35.731576],[-78.560305,35.731508],[-78.560393,35.731404]],[[-78.550699,35.726678],[-78.550455,35.726932],[-78.550009,35.727704],[-78.548976,35.727039],[-78.549054,35.726973],[-78.549158,35.726782],[-78.548016,35.726133],[-78.548609,35.725527],[-78.549937,35.726396],[-78.550039,35.726351],[-78.550949,35.726174],[-78.550944,35.726378],[-78.550699,35.726678]],[[-78.54947,35.725323],[-78.549196,35.724348],[-78.549117,35.723872],[-78.549014,35.723882],[-78.548884,35.722721],[-78.548676,35.721981],[-78.548912,35.721955],[-78.549791,35.721953],[-78.549782,35.721423],[-78.549226,35.721392],[-78.549044,35.72085],[-78.548988,35.720867],[-78.548965,35.720819],[-78.548219,35.721077],[-78.547379,35.719543],[-78.546753,35.719755],[-78.546465,35.719161],[-78.546295,35.718625],[-78.544337,35.719328],[-78.54192,35.718907],[-78.542203,35.717836],[-78.54161,35.717728],[-78.541845,35.716173],[-78.543682,35.716342],[-78.54398,35.715443],[-78.545411,35.715474],[-78.5455,35.715215],[-78.546621,35.714874],[-78.546932,35.715527],[-78.547758,35.715563],[-78.547901,35.715843],[-78.54804,35.715974],[-78.548256,35.715972],[-78.548551,35.716125],[-78.548596,35.716213],[-78.548484,35.716414],[-78.549135,35.717706],[-78.549016,35.7179],[-78.54858,35.718048],[-78.548767,35.718416],[-78.549203,35.718269],[-78.549466,35.718789],[-78.54972,35.718859],[-78.550363,35.720126],[-78.550375,35.721158],[-78.550552,35.721321],[-78.550378,35.721487],[-78.550383,35.721953],[-78.553585,35.721947],[-78.553812,35.721175],[-78.555228,35.721188],[-78.555396,35.720579],[-78.557522,35.720597],[-78.559301,35.720661],[-78.559338,35.723604],[-78.555032,35.723237],[-78.553288,35.723021],[-78.552941,35.724242],[-78.550945,35.724631],[-78.551204,35.725412],[-78.549606,35.725724],[-78.54947,35.725323]],[[-78.564397,35.726171],[-78.564392,35.725878],[-78.564896,35.725872],[-78.56491,35.72667],[-78.564406,35.726675],[-78.564397,35.726171]],[[-78.541481,35.713009],[-78.541322,35.71321],[-78.541472,35.713003],[-78.541481,35.713009]],[[-78.517423,35.74123],[-78.517195,35.741227],[-78.517039,35.741156],[-78.516952,35.741081],[-78.516861,35.740935],[-78.516831,35.740824],[-78.516851,35.740597],[-78.516972,35.740403],[-78.517114,35.740306],[-78.517746,35.740309],[-78.517886,35.740408],[-78.517984,35.74055],[-78.518026,35.740716],[-78.51799,35.740942],[-78.517897,35.741086],[-78.517759,35.74119],[-78.517595,35.74124],[-78.517423,35.74123]]],[[[-78.577522,35.804643],[-78.578851,35.804697],[-78.579426,35.804677],[-78.579389,35.804491],[-78.579407,35.804246],[-78.578881,35.804169],[-78.578888,35.804067],[-78.577558,35.804011],[-78.577522,35.804643]]],[[[-78.566586,35.827208],[-78.566342,35.827216],[-78.566348,35.827839],[-78.566817,35.827839],[-78.566626,35.827205],[-78.566586,35.827208]]]]},"properties":{"COUNCIL_DIST":"C","COUNCIL_PERSON":"Corey Branch","ObjectID":2},"id":2},{"type":"Feature","geometry":{"type":"MultiPolygon","coordinates":[[[[-78.548987,35.819285],[-78.550556,35.819344],[-78.55069,35.819586],[-78.550705,35.819743],[-78.550697,35.819868],[-78.550598,35.82015],[-78.550564,35.820511],[-78.550483,35.820596],[-78.553602,35.820351],[-78.553464,35.819156],[-78.554099,35.819588],[-78.55437,35.819325],[-78.555123,35.819722],[-78.555214,35.819372],[-78.555284,35.819225],[-78.555436,35.819051],[-78.554688,35.818478],[-78.555379,35.817879],[-78.556122,35.818441],[-78.556263,35.818315],[-78.555733,35.817939],[-78.556201,35.817499],[-78.55626,35.817543],[-78.556576,35.817445],[-78.556894,35.817869],[-78.55779,35.817096],[-78.557818,35.817053],[-78.557668,35.81699],[-78.557607,35.816896],[-78.557421,35.816826],[-78.557507,35.816496],[-78.55753,35.816228],[-78.557513,35.81596],[-78.55744,35.815651],[-78.55581,35.814515],[-78.5526,35.814718],[-78.552549,35.814438],[-78.5563,35.813359],[-78.556169,35.813111],[-78.55632,35.813042],[-78.556353,35.812926],[-78.556049,35.81238],[-78.555742,35.811695],[-78.555708,35.811381],[-78.557342,35.81129],[-78.557882,35.812783],[-78.562317,35.812518],[-78.562228,35.811557],[-78.565568,35.811544],[-78.565778,35.811354],[-78.565235,35.80948],[-78.56485,35.808431],[-78.564681,35.80776],[-78.564627,35.806741],[-78.564669,35.806184],[-78.564688,35.805099],[-78.564661,35.804732],[-78.564576,35.80429],[-78.564436,35.803818],[-78.564264,35.803406],[-78.564007,35.80306],[-78.56306,35.801419],[-78.562753,35.80064],[-78.56267,35.800223],[-78.562679,35.799743],[-78.562707,35.799283],[-78.562817,35.798644],[-78.557672,35.798179],[-78.556829,35.798032],[-78.556239,35.797868],[-78.555627,35.797644],[-78.555129,35.797402],[-78.555093,35.797315],[-78.554572,35.796958],[-78.554465,35.796837],[-78.54874,35.793837],[-78.54862,35.793983],[-78.546669,35.792955],[-78.545969,35.792628],[-78.545226,35.792373],[-78.544319,35.792197],[-78.543389,35.792144],[-78.542456,35.79222],[-78.541932,35.79232],[-78.54143,35.792462],[-78.540589,35.792808],[-78.538969,35.793654],[-78.539031,35.793722],[-78.53738,35.794588],[-78.538223,35.795616],[-78.537407,35.796051],[-78.537048,35.795608],[-78.536433,35.795975],[-78.536295,35.796001],[-78.535995,35.79613],[-78.534914,35.796713],[-78.535347,35.797295],[-78.535437,35.79747],[-78.535515,35.797737],[-78.53564,35.799191],[-78.535653,35.799692],[-78.53559,35.800057],[-78.535472,35.800346],[-78.536359,35.800319],[-78.536113,35.800635],[-78.536572,35.800885],[-78.537059,35.80028],[-78.537,35.800248],[-78.537885,35.800035],[-78.53794,35.799617],[-78.538887,35.799912],[-78.538944,35.799599],[-78.539027,35.799499],[-78.53914,35.799452],[-78.539412,35.799412],[-78.53947,35.799351],[-78.539436,35.799237],[-78.539456,35.799187],[-78.53962,35.799019],[-78.539682,35.79881],[-78.539951,35.798328],[-78.5401,35.798157],[-78.540574,35.797356],[-78.540699,35.797196],[-78.540982,35.796484],[-78.541073,35.795807],[-78.541333,35.795249],[-78.541074,35.794989],[-78.541539,35.795011],[-78.541844,35.794833],[-78.542091,35.794989],[-78.542711,35.794442],[-78.54295,35.794453],[-78.543013,35.794306],[-78.543089,35.794331],[-78.543132,35.794441],[-78.543458,35.794672],[-78.542577,35.795531],[-78.54242,35.795972],[-78.542148,35.796173],[-78.541989,35.796202],[-78.541804,35.796282],[-78.541695,35.796394],[-78.541521,35.796761],[-78.54119,35.797161],[-78.541135,35.797351],[-78.540827,35.797716],[-78.5407,35.797962],[-78.543088,35.798966],[-78.543511,35.799039],[-78.544621,35.79967],[-78.54517,35.799271],[-78.545571,35.799644],[-78.545944,35.799369],[-78.546081,35.799186],[-78.54614,35.799012],[-78.546191,35.798401],[-78.546233,35.798324],[-78.546294,35.798295],[-78.546332,35.797775],[-78.546434,35.797739],[-78.546337,35.799119],[-78.546295,35.799231],[-78.546334,35.799292],[-78.546242,35.800473],[-78.545129,35.801326],[-78.544172,35.802114],[-78.543419,35.801434],[-78.543202,35.801346],[-78.542339,35.800543],[-78.543104,35.800003],[-78.542517,35.799292],[-78.541811,35.799553],[-78.540909,35.80015],[-78.540844,35.800719],[-78.539623,35.80155],[-78.538777,35.80156],[-78.538766,35.802108],[-78.53882,35.802421],[-78.538982,35.802907],[-78.538996,35.803422],[-78.539062,35.803762],[-78.539007,35.804152],[-78.538879,35.804564],[-78.538681,35.804476],[-78.538177,35.805442],[-78.537098,35.807204],[-78.536685,35.8077],[-78.535875,35.808256],[-78.534564,35.809075],[-78.533631,35.809378],[-78.532558,35.808548],[-78.532156,35.80765],[-78.534001,35.802397],[-78.53444,35.802151],[-78.535169,35.800906],[-78.535016,35.800805],[-78.533836,35.801744],[-78.533524,35.80194],[-78.533188,35.802034],[-78.532219,35.802063],[-78.531979,35.80215],[-78.531758,35.802322],[-78.531574,35.802566],[-78.531434,35.802819],[-78.530807,35.80425],[-78.53059,35.804661],[-78.52991,35.805676],[-78.529304,35.80651],[-78.530737,35.807105],[-78.53043,35.807515],[-78.529601,35.807172],[-78.529112,35.807821],[-78.528611,35.807614],[-78.528085,35.808401],[-78.52781,35.808615],[-78.527502,35.808749],[-78.527064,35.808847],[-78.5267,35.80883],[-78.526576,35.808806],[-78.526395,35.808632],[-78.526493,35.808011],[-78.52656,35.807068],[-78.52838,35.807615],[-78.528634,35.807252],[-78.527955,35.807107],[-78.526566,35.806614],[-78.526726,35.804924],[-78.526584,35.804906],[-78.526728,35.803357],[-78.525966,35.80362],[-78.525782,35.803761],[-78.525502,35.803831],[-78.525227,35.803942],[-78.525045,35.803967],[-78.524936,35.804032],[-78.524803,35.804044],[-78.524528,35.804001],[-78.524248,35.804012],[-78.523998,35.803897],[-78.523846,35.803978],[-78.523666,35.803899],[-78.52355,35.803912],[-78.523479,35.80396],[-78.52308,35.803795],[-78.522917,35.803807],[-78.522795,35.803771],[-78.522566,35.803834],[-78.522454,35.803771],[-78.522363,35.803673],[-78.522287,35.803523],[-78.522293,35.803379],[-78.522209,35.803317],[-78.522029,35.803317],[-78.521952,35.80577],[-78.519338,35.805716],[-78.519214,35.812477],[-78.520368,35.812471],[-78.520365,35.812939],[-78.519207,35.812912],[-78.519174,35.814999],[-78.519687,35.81517],[-78.519856,35.81548],[-78.521665,35.814721],[-78.521677,35.814355],[-78.52235,35.814341],[-78.522519,35.814363],[-78.524512,35.813527],[-78.524926,35.812979],[-78.52514,35.812592],[-78.527051,35.812934],[-78.527545,35.812811],[-78.528152,35.81286],[-78.530815,35.813375],[-78.530772,35.813522],[-78.533171,35.813929],[-78.533239,35.814688],[-78.533292,35.818313],[-78.533332,35.818422],[-78.533859,35.817914],[-78.534094,35.817865],[-78.539278,35.818069],[-78.539311,35.817715],[-78.539104,35.817279],[-78.540805,35.816552],[-78.543102,35.816157],[-78.547466,35.815789],[-78.548214,35.817643],[-78.548855,35.817661],[-78.548842,35.817797],[-78.548987,35.819285]],[[-78.552449,35.817904],[-78.551306,35.817986],[-78.551078,35.817557],[-78.550682,35.817305],[-78.550691,35.817207],[-78.551731,35.817093],[-78.552585,35.817071],[-78.552449,35.817904]],[[-78.54884,35.816209],[-78.548878,35.816501],[-78.548742,35.816513],[-78.54884,35.816209]],[[-78.540252,35.793331],[-78.540062,35.793421],[-78.539922,35.79325],[-78.540111,35.793159],[-78.540252,35.793331]],[[-78.53658,35.797673],[-78.536673,35.797547],[-78.536739,35.797508],[-78.536845,35.797502],[-78.536945,35.797564],[-78.53658,35.797673]],[[-78.542181,35.800693],[-78.542627,35.801106],[-78.542087,35.801495],[-78.54162,35.801062],[-78.542159,35.800673],[-78.542181,35.800693]]],[[[-78.530175,35.820795],[-78.530251,35.820881],[-78.529797,35.821299],[-78.529899,35.824899],[-78.533379,35.824821],[-78.533342,35.823791],[-78.533299,35.81857],[-78.53325,35.818352],[-78.533222,35.816225],[-78.53023,35.816107],[-78.5299,35.815627],[-78.530049,35.81513],[-78.529503,35.814895],[-78.52954,35.819584],[-78.528079,35.819549],[-78.525576,35.821845],[-78.527433,35.823276],[-78.528537,35.822324],[-78.528767,35.822115],[-78.52874,35.822095],[-78.529604,35.821329],[-78.529557,35.820072],[-78.530175,35.820795]]],[[[-78.515384,35.822379],[-78.514614,35.824075],[-78.514351,35.824586],[-78.514454,35.824605],[-78.514071,35.825171],[-78.515584,35.825524],[-78.516352,35.82483],[-78.516405,35.823593],[-78.516381,35.823218],[-78.516257,35.822521],[-78.516003,35.82165],[-78.515756,35.822035],[-78.515566,35.822248],[-78.515458,35.822227],[-78.515384,35.822379]]],[[[-78.529683,35.825402],[-78.529699,35.829172],[-78.536168,35.829229],[-78.536369,35.829031],[-78.535759,35.828513],[-78.535432,35.827922],[-78.534628,35.827811],[-78.534039,35.827382],[-78.5328,35.826345],[-78.533843,35.82544],[-78.533386,35.824999],[-78.529681,35.825082],[-78.52952,35.825223],[-78.529193,35.824974],[-78.52759,35.824755],[-78.527441,35.824606],[-78.527334,35.824759],[-78.529169,35.825012],[-78.529683,35.825402]]],[[[-78.538588,35.831755],[-78.540792,35.833587],[-78.54078,35.832473],[-78.54031,35.83208],[-78.540714,35.831757],[-78.540754,35.831787],[-78.541424,35.831247],[-78.538854,35.829097],[-78.537889,35.830047],[-78.53736,35.830451],[-78.537125,35.830543],[-78.538151,35.83142],[-78.538588,35.831755]]],[[[-78.506959,35.861225],[-78.507109,35.862352],[-78.510291,35.861939],[-78.510131,35.861141],[-78.512096,35.860879],[-78.512257,35.861674],[-78.513593,35.861495],[-78.513412,35.860896],[-78.513274,35.860555],[-78.512858,35.859704],[-78.506844,35.860362],[-78.506959,35.861225]]],[[[-78.492885,35.860519],[-78.493747,35.860852],[-78.494108,35.86127],[-78.493464,35.861531],[-78.495111,35.864623],[-78.495085,35.861444],[-78.495135,35.858704],[-78.495171,35.858385],[-78.495205,35.854282],[-78.494756,35.854263],[-78.49481,35.852254],[-78.493613,35.852234],[-78.494048,35.849527],[-78.487578,35.849362],[-78.487757,35.844864],[-78.48554,35.844802],[-78.485526,35.841473],[-78.485621,35.838797],[-78.483791,35.838724],[-78.484063,35.837369],[-78.484329,35.836556],[-78.483247,35.836788],[-78.482508,35.836905],[-78.481594,35.836966],[-78.48085,35.836904],[-78.477623,35.836505],[-78.477577,35.838605],[-78.477966,35.838614],[-78.477944,35.839461],[-78.470759,35.839439],[-78.470749,35.839528],[-78.470858,35.839651],[-78.470799,35.839796],[-78.470826,35.840016],[-78.47115,35.840117],[-78.471448,35.840377],[-78.471482,35.840529],[-78.471614,35.840633],[-78.471625,35.840686],[-78.471825,35.840802],[-78.472078,35.840877],[-78.472274,35.841237],[-78.472797,35.841728],[-78.472844,35.841988],[-78.472919,35.841935],[-78.472978,35.841991],[-78.472919,35.842111],[-78.472931,35.842193],[-78.472798,35.842251],[-78.472986,35.842315],[-78.47303,35.842416],[-78.473001,35.842532],[-78.473091,35.842651],[-78.472991,35.84274],[-78.473034,35.842864],[-78.47303,35.842954],[-78.47323,35.843089],[-78.473296,35.84322],[-78.473344,35.843444],[-78.47344,35.843551],[-78.473575,35.843602],[-78.473629,35.843835],[-78.473754,35.844076],[-78.473732,35.844262],[-78.473874,35.844515],[-78.473858,35.84466],[-78.474021,35.845355],[-78.477502,35.845388],[-78.477609,35.851189],[-78.477614,35.853795],[-78.478529,35.854669],[-78.479065,35.855387],[-78.481244,35.855273],[-78.480774,35.849221],[-78.483972,35.849285],[-78.484034,35.851732],[-78.48416,35.851749],[-78.484282,35.851721],[-78.484297,35.851651],[-78.484416,35.851567],[-78.484438,35.851438],[-78.484505,35.851372],[-78.484737,35.851326],[-78.484891,35.851392],[-78.485227,35.851448],[-78.485384,35.851736],[-78.485412,35.851887],[-78.485358,35.851912],[-78.485367,35.852036],[-78.485486,35.852114],[-78.485628,35.851942],[-78.487098,35.852151],[-78.487259,35.852616],[-78.487412,35.852895],[-78.487375,35.852955],[-78.487444,35.853126],[-78.487414,35.853233],[-78.486933,35.85361],[-78.486553,35.85378],[-78.485966,35.854273],[-78.488569,35.854314],[-78.489033,35.861382],[-78.490227,35.8614],[-78.490875,35.861316],[-78.491455,35.861157],[-78.492885,35.860519]]],[[[-78.498456,35.878967],[-78.498386,35.879236],[-78.498882,35.879295],[-78.499066,35.87868],[-78.499324,35.878688],[-78.499712,35.878593],[-78.499841,35.878629],[-78.500015,35.878488],[-78.500124,35.878489],[-78.501819,35.878066],[-78.501535,35.877174],[-78.500873,35.877318],[-78.500718,35.876866],[-78.500791,35.87685],[-78.500608,35.876287],[-78.500532,35.876304],[-78.500104,35.874999],[-78.499943,35.874781],[-78.500008,35.87463],[-78.499991,35.874291],[-78.500064,35.874133],[-78.499911,35.873958],[-78.499636,35.873887],[-78.498998,35.873967],[-78.498499,35.874287],[-78.498718,35.874475],[-78.498726,35.874518],[-78.498319,35.875034],[-78.49753,35.875308],[-78.497029,35.875187],[-78.496289,35.875454],[-78.496102,35.875659],[-78.495523,35.87594],[-78.495113,35.876255],[-78.493875,35.876872],[-78.493443,35.87731],[-78.493301,35.877606],[-78.494158,35.877776],[-78.493943,35.878581],[-78.493937,35.878694],[-78.495328,35.878877],[-78.496986,35.878454],[-78.496874,35.879053],[-78.497869,35.879174],[-78.497922,35.878903],[-78.498456,35.878967]]],[[[-78.579685,35.933866],[-78.579357,35.934403],[-78.580049,35.934624],[-78.580097,35.933833],[-78.579856,35.933826],[-78.579685,35.933866]]],[[[-78.580257,35.934573],[-78.580236,35.934918],[-78.58082,35.935106],[-78.580959,35.934455],[-78.580265,35.934438],[-78.580257,35.934573]]],[[[-78.578838,35.937963],[-78.578289,35.93799],[-78.578383,35.938236],[-78.57884,35.938197],[-78.578838,35.937963]]],[[[-78.554159,35.969064],[-78.555864,35.970006],[-78.556191,35.970252],[-78.556513,35.970546],[-78.556806,35.970625],[-78.557012,35.970876],[-78.558558,35.970391],[-78.558513,35.970294],[-78.560089,35.969643],[-78.560528,35.969349],[-78.561542,35.96875],[-78.561587,35.968825],[-78.561719,35.968614],[-78.56174,35.968579],[-78.560373,35.968092],[-78.561263,35.966631],[-78.562565,35.96707],[-78.562651,35.966468],[-78.562616,35.966203],[-78.562424,35.965422],[-78.562422,35.964951],[-78.563171,35.960645],[-78.563335,35.960177],[-78.563591,35.95973],[-78.565192,35.957283],[-78.565731,35.956361],[-78.566831,35.95434],[-78.567251,35.953718],[-78.567694,35.953147],[-78.568248,35.952611],[-78.571528,35.950079],[-78.573747,35.948055],[-78.573733,35.947999],[-78.574055,35.947392],[-78.574465,35.946803],[-78.574814,35.945795],[-78.574812,35.945252],[-78.572852,35.94524],[-78.573035,35.937987],[-78.573084,35.937807],[-78.573292,35.937937],[-78.574456,35.93915],[-78.574531,35.938921],[-78.577112,35.939394],[-78.579287,35.93937],[-78.578576,35.938691],[-78.578317,35.938353],[-78.578203,35.938085],[-78.578155,35.937841],[-78.578193,35.937312],[-78.57838,35.936572],[-78.578656,35.935691],[-78.578891,35.935753],[-78.579836,35.935815],[-78.579981,35.935521],[-78.579091,35.935261],[-78.578864,35.935406],[-78.578764,35.935391],[-78.578693,35.935588],[-78.578589,35.935563],[-78.578103,35.935876],[-78.577882,35.935278],[-78.577255,35.935087],[-78.577632,35.934445],[-78.578273,35.934647],[-78.578317,35.934573],[-78.577756,35.934399],[-78.578388,35.934027],[-78.57923,35.933428],[-78.579733,35.933424],[-78.580086,35.932846],[-78.580345,35.93287],[-78.580361,35.932772],[-78.580979,35.933009],[-78.580967,35.933288],[-78.580507,35.933122],[-78.580338,35.933127],[-78.580313,35.933603],[-78.580947,35.933874],[-78.580922,35.934321],[-78.581423,35.934389],[-78.581228,35.935238],[-78.580897,35.93601],[-78.580713,35.936353],[-78.579827,35.936068],[-78.579606,35.936318],[-78.580409,35.936524],[-78.580271,35.936866],[-78.580098,35.936862],[-78.580118,35.937437],[-78.582107,35.937428],[-78.582261,35.937003],[-78.582741,35.935155],[-78.583114,35.933862],[-78.58478,35.931974],[-78.586209,35.930233],[-78.585498,35.929693],[-78.586548,35.929027],[-78.586824,35.928772],[-78.58721,35.928317],[-78.587404,35.927993],[-78.587547,35.927638],[-78.587628,35.92729],[-78.587742,35.926408],[-78.587908,35.925892],[-78.58799,35.925824],[-78.587999,35.925698],[-78.588771,35.924674],[-78.589998,35.923338],[-78.590091,35.923295],[-78.590131,35.923176],[-78.591877,35.921002],[-78.592396,35.920226],[-78.593122,35.918895],[-78.593602,35.918122],[-78.594508,35.916778],[-78.596785,35.917507],[-78.596819,35.917288],[-78.59795,35.917648],[-78.598363,35.917831],[-78.599945,35.916441],[-78.600032,35.916452],[-78.600064,35.916492],[-78.600146,35.916476],[-78.600304,35.916594],[-78.600569,35.916619],[-78.600751,35.916673],[-78.60103,35.916541],[-78.601032,35.916616],[-78.601233,35.916691],[-78.601256,35.916774],[-78.601423,35.916735],[-78.601524,35.916766],[-78.601626,35.916723],[-78.601752,35.916716],[-78.601787,35.916691],[-78.601815,35.916566],[-78.601961,35.91664],[-78.602052,35.916735],[-78.602042,35.916861],[-78.602128,35.916877],[-78.602368,35.916839],[-78.602532,35.916896],[-78.602699,35.917018],[-78.602981,35.917097],[-78.603129,35.917248],[-78.603309,35.91729],[-78.603367,35.917225],[-78.603637,35.91715],[-78.603735,35.917184],[-78.603764,35.917294],[-78.603978,35.917346],[-78.603954,35.917285],[-78.604093,35.917152],[-78.604248,35.917231],[-78.604376,35.917241],[-78.604591,35.917344],[-78.604729,35.917592],[-78.604834,35.917642],[-78.60511,35.917652],[-78.605212,35.917477],[-78.605159,35.917333],[-78.605327,35.917219],[-78.605311,35.917022],[-78.605229,35.91686],[-78.605145,35.916838],[-78.605087,35.916858],[-78.605127,35.916683],[-78.605214,35.916668],[-78.605105,35.916518],[-78.605161,35.916492],[-78.605005,35.91631],[-78.604938,35.916337],[-78.604893,35.916233],[-78.604796,35.916138],[-78.604875,35.916115],[-78.604864,35.915979],[-78.60475,35.915948],[-78.604791,35.915856],[-78.604739,35.915688],[-78.604818,35.915652],[-78.604857,35.915689],[-78.604936,35.915673],[-78.604931,35.915597],[-78.605011,35.915553],[-78.605147,35.915404],[-78.598076,35.910827],[-78.599434,35.909501],[-78.600511,35.908509],[-78.600812,35.908173],[-78.600661,35.908075],[-78.601053,35.907663],[-78.601743,35.906843],[-78.602188,35.905929],[-78.602797,35.904267],[-78.602936,35.90401],[-78.603251,35.903548],[-78.603719,35.903083],[-78.601666,35.901691],[-78.601452,35.901522],[-78.601268,35.901308],[-78.600218,35.899584],[-78.599188,35.897424],[-78.599157,35.897273],[-78.599119,35.896899],[-78.599161,35.896641],[-78.599549,35.895623],[-78.600269,35.894239],[-78.601232,35.892934],[-78.602333,35.891154],[-78.602552,35.890644],[-78.602607,35.890354],[-78.602609,35.890067],[-78.600945,35.890073],[-78.598832,35.888672],[-78.599176,35.888651],[-78.599452,35.888527],[-78.599649,35.888258],[-78.599815,35.888232],[-78.600179,35.888036],[-78.600104,35.887945],[-78.600961,35.887504],[-78.600575,35.886948],[-78.600464,35.886609],[-78.600452,35.886271],[-78.600254,35.886042],[-78.5966,35.885402],[-78.593694,35.884718],[-78.593725,35.88464],[-78.591866,35.884234],[-78.590755,35.884063],[-78.590126,35.884021],[-78.589419,35.884029],[-78.589131,35.884981],[-78.588904,35.884931],[-78.588744,35.88409],[-78.587848,35.884189],[-78.587833,35.88426],[-78.587394,35.884318],[-78.587387,35.884478],[-78.588058,35.884952],[-78.588117,35.887667],[-78.587132,35.887658],[-78.58704,35.885947],[-78.585882,35.885945],[-78.585885,35.884658],[-78.585973,35.884659],[-78.586301,35.884484],[-78.586275,35.884375],[-78.585074,35.884552],[-78.585072,35.885635],[-78.585207,35.885635],[-78.585202,35.887606],[-78.583929,35.887583],[-78.583994,35.88467],[-78.582668,35.884779],[-78.581473,35.884833],[-78.581091,35.884804],[-78.578417,35.884298],[-78.576388,35.88397],[-78.57573,35.883799],[-78.575124,35.883563],[-78.574744,35.883311],[-78.574498,35.883014],[-78.574356,35.882739],[-78.574261,35.882357],[-78.573075,35.882526],[-78.573421,35.88203],[-78.573545,35.882024],[-78.573935,35.881646],[-78.574115,35.881253],[-78.574129,35.881103],[-78.5741,35.880944],[-78.574147,35.880797],[-78.573859,35.880506],[-78.573298,35.880118],[-78.573022,35.879951],[-78.572732,35.879875],[-78.576302,35.875621],[-78.577909,35.873732],[-78.5784,35.873229],[-78.580183,35.871104],[-78.580624,35.870465],[-78.581085,35.869657],[-78.581452,35.868851],[-78.581642,35.868317],[-78.581855,35.867557],[-78.581975,35.866925],[-78.582064,35.866157],[-78.582077,35.865403],[-78.582026,35.864638],[-78.581668,35.861321],[-78.580968,35.855129],[-78.581486,35.855091],[-78.582817,35.855073],[-78.586052,35.855104],[-78.589913,35.855207],[-78.590796,35.855323],[-78.591211,35.855421],[-78.591685,35.855568],[-78.592111,35.855747],[-78.592512,35.855963],[-78.592993,35.856291],[-78.593197,35.856452],[-78.593558,35.856814],[-78.595592,35.858925],[-78.596067,35.85924],[-78.597414,35.859892],[-78.598419,35.858384],[-78.600182,35.85584],[-78.599726,35.854723],[-78.599425,35.85389],[-78.599374,35.853357],[-78.599407,35.852956],[-78.599641,35.852247],[-78.599944,35.851765],[-78.600331,35.851359],[-78.600928,35.850806],[-78.601291,35.85027],[-78.601415,35.849983],[-78.601588,35.849049],[-78.599828,35.848648],[-78.597601,35.848284],[-78.593035,35.847809],[-78.592139,35.847892],[-78.591484,35.848086],[-78.588285,35.849186],[-78.587463,35.849391],[-78.580393,35.849888],[-78.579626,35.842627],[-78.579879,35.842368],[-78.579923,35.841481],[-78.580021,35.840633],[-78.58011,35.840163],[-78.580384,35.839146],[-78.580789,35.838098],[-78.580141,35.839306],[-78.579932,35.839629],[-78.579673,35.839952],[-78.579087,35.840441],[-78.578399,35.840839],[-78.573671,35.842963],[-78.57242,35.840576],[-78.570616,35.837359],[-78.569552,35.835838],[-78.569219,35.835203],[-78.569159,35.834972],[-78.569165,35.832513],[-78.568995,35.832509],[-78.569056,35.831595],[-78.568778,35.83142],[-78.568199,35.831503],[-78.567414,35.831557],[-78.566327,35.831571],[-78.566323,35.831522],[-78.56643,35.831425],[-78.563538,35.831502],[-78.563309,35.831542],[-78.562581,35.831741],[-78.561513,35.832117],[-78.560966,35.832357],[-78.557475,35.833671],[-78.55672,35.833901],[-78.556297,35.83399],[-78.555901,35.83403],[-78.551032,35.834168],[-78.551002,35.834257],[-78.549631,35.834298],[-78.547818,35.834497],[-78.547793,35.836673],[-78.54478,35.836628],[-78.544669,35.837038],[-78.543963,35.836946],[-78.542799,35.839405],[-78.543463,35.839662],[-78.543271,35.845152],[-78.544096,35.845115],[-78.544676,35.844964],[-78.54633,35.844937],[-78.546349,35.844039],[-78.549046,35.843971],[-78.549073,35.844435],[-78.549048,35.844872],[-78.550395,35.84484],[-78.551399,35.845278],[-78.551262,35.845502],[-78.551137,35.845793],[-78.550456,35.84565],[-78.550275,35.849673],[-78.543127,35.849806],[-78.543253,35.845763],[-78.541819,35.845745],[-78.541833,35.845399],[-78.542045,35.845401],[-78.542085,35.844093],[-78.542514,35.844097],[-78.542529,35.843704],[-78.542026,35.843699],[-78.542037,35.843409],[-78.540905,35.843399],[-78.540506,35.844261],[-78.540191,35.844864],[-78.540015,35.845133],[-78.539622,35.845542],[-78.539261,35.845808],[-78.538982,35.845967],[-78.53828,35.846234],[-78.534512,35.847526],[-78.534542,35.847583],[-78.532365,35.84835],[-78.531838,35.848477],[-78.531153,35.848512],[-78.530214,35.848369],[-78.529741,35.848385],[-78.526516,35.847768],[-78.526543,35.84766],[-78.525882,35.847521],[-78.525891,35.847484],[-78.520728,35.846426],[-78.52052,35.846883],[-78.519673,35.846613],[-78.519845,35.846203],[-78.519606,35.846128],[-78.519615,35.845734],[-78.519679,35.845226],[-78.519993,35.84404],[-78.519998,35.843853],[-78.521465,35.843886],[-78.523312,35.843861],[-78.530874,35.843882],[-78.53081,35.844131],[-78.530734,35.844843],[-78.530641,35.845333],[-78.530659,35.845566],[-78.530634,35.845659],[-78.539017,35.84571],[-78.539641,35.845199],[-78.53989,35.844897],[-78.540242,35.844242],[-78.541262,35.842082],[-78.540207,35.84147],[-78.541619,35.841497],[-78.543073,35.838445],[-78.541756,35.838017],[-78.542171,35.836982],[-78.53108,35.833512],[-78.531088,35.833734],[-78.531225,35.834507],[-78.531496,35.835302],[-78.531646,35.835928],[-78.531686,35.836333],[-78.531658,35.836731],[-78.531544,35.83748],[-78.530952,35.839383],[-78.530841,35.839963],[-78.53084,35.840323],[-78.530981,35.841619],[-78.53099,35.842276],[-78.529627,35.84228],[-78.529814,35.842121],[-78.529749,35.841732],[-78.527001,35.841737],[-78.526995,35.839809],[-78.521258,35.839634],[-78.521132,35.838373],[-78.519811,35.838477],[-78.519508,35.838092],[-78.519177,35.837848],[-78.519176,35.837657],[-78.520046,35.837635],[-78.519851,35.83516],[-78.522257,35.834761],[-78.522717,35.835528],[-78.522878,35.836201],[-78.523028,35.836161],[-78.523057,35.836231],[-78.525478,35.835625],[-78.525463,35.832157],[-78.523921,35.83214],[-78.523907,35.82842],[-78.523288,35.828434],[-78.522956,35.82852],[-78.522952,35.827386],[-78.52249,35.827496],[-78.519567,35.827995],[-78.519577,35.828031],[-78.519342,35.828069],[-78.51983,35.830072],[-78.520513,35.832098],[-78.516171,35.832055],[-78.516247,35.833296],[-78.516074,35.833378],[-78.516197,35.833531],[-78.516295,35.833758],[-78.516438,35.834942],[-78.516537,35.836609],[-78.516465,35.837249],[-78.516494,35.837539],[-78.516391,35.837704],[-78.516318,35.838268],[-78.516116,35.838315],[-78.514077,35.838377],[-78.514118,35.835982],[-78.50966,35.836011],[-78.509648,35.837334],[-78.509204,35.837339],[-78.509202,35.837294],[-78.509092,35.837295],[-78.509087,35.83734],[-78.507329,35.837376],[-78.504788,35.837378],[-78.501669,35.837432],[-78.501638,35.838277],[-78.501369,35.83963],[-78.504586,35.84034],[-78.505855,35.840662],[-78.505873,35.840603],[-78.506688,35.840911],[-78.507046,35.841086],[-78.507166,35.84118],[-78.507345,35.841237],[-78.508131,35.841633],[-78.512436,35.841765],[-78.51243,35.841828],[-78.509309,35.847713],[-78.509337,35.847725],[-78.508364,35.847667],[-78.508233,35.847458],[-78.508111,35.846754],[-78.507695,35.846046],[-78.507491,35.844948],[-78.507142,35.844247],[-78.507148,35.843669],[-78.507304,35.843204],[-78.507311,35.842542],[-78.507245,35.841607],[-78.507606,35.841618],[-78.506583,35.841104],[-78.506306,35.841555],[-78.5013,35.841278],[-78.501624,35.841554],[-78.502259,35.842348],[-78.5024,35.843361],[-78.501703,35.84343],[-78.501659,35.843719],[-78.50151,35.844283],[-78.501198,35.845159],[-78.503499,35.845192],[-78.50359,35.847547],[-78.503518,35.848962],[-78.505426,35.84902],[-78.505401,35.849472],[-78.51155,35.849693],[-78.511632,35.850242],[-78.514449,35.850293],[-78.514489,35.850358],[-78.51483,35.8505],[-78.515198,35.850951],[-78.515515,35.851173],[-78.5154,35.853937],[-78.517453,35.853633],[-78.51686,35.850932],[-78.515758,35.850978],[-78.515585,35.850404],[-78.514603,35.847647],[-78.513101,35.847707],[-78.513056,35.848031],[-78.511578,35.848173],[-78.511538,35.848479],[-78.510536,35.848434],[-78.510598,35.847798],[-78.51143,35.847846],[-78.511599,35.84731],[-78.511842,35.846762],[-78.512184,35.84615],[-78.512597,35.845529],[-78.51351,35.844699],[-78.513601,35.844732],[-78.513985,35.84461],[-78.514086,35.844632],[-78.514136,35.844739],[-78.514027,35.845197],[-78.514017,35.84546],[-78.514147,35.846009],[-78.514288,35.846346],[-78.514632,35.846832],[-78.515481,35.847643],[-78.516632,35.84762],[-78.51908,35.847223],[-78.519693,35.847332],[-78.519671,35.84758],[-78.519636,35.84762],[-78.519651,35.847657],[-78.519581,35.847738],[-78.51959,35.847858],[-78.519523,35.848033],[-78.519546,35.848212],[-78.519652,35.84831],[-78.519724,35.848328],[-78.519894,35.848621],[-78.519942,35.848634],[-78.519967,35.848728],[-78.520043,35.848767],[-78.520163,35.84892],[-78.520368,35.849083],[-78.520456,35.849073],[-78.520528,35.849128],[-78.520627,35.84914],[-78.520726,35.849221],[-78.52076,35.849286],[-78.52071,35.849349],[-78.520835,35.849514],[-78.520815,35.849599],[-78.520865,35.849686],[-78.520986,35.849755],[-78.521042,35.849945],[-78.521096,35.849988],[-78.521072,35.850029],[-78.521104,35.850129],[-78.521158,35.850173],[-78.521121,35.850221],[-78.521162,35.850264],[-78.52114,35.850312],[-78.520828,35.850722],[-78.520799,35.851143],[-78.520762,35.851239],[-78.520786,35.851272],[-78.520777,35.851747],[-78.520743,35.851788],[-78.520764,35.85195],[-78.520724,35.851972],[-78.52067,35.852304],[-78.520726,35.85233],[-78.520691,35.852381],[-78.520715,35.852447],[-78.520671,35.852458],[-78.520662,35.852615],[-78.520665,35.852716],[-78.52071,35.852724],[-78.520756,35.852896],[-78.520789,35.852912],[-78.520828,35.853124],[-78.521004,35.853183],[-78.52111,35.853263],[-78.520301,35.853378],[-78.520396,35.853812],[-78.519313,35.854023],[-78.520678,35.856665],[-78.521005,35.856521],[-78.521307,35.856542],[-78.521504,35.856475],[-78.52157,35.856483],[-78.521696,35.856717],[-78.521886,35.856797],[-78.522181,35.857351],[-78.522355,35.857441],[-78.522543,35.857638],[-78.522637,35.857671],[-78.522877,35.857633],[-78.522996,35.857562],[-78.523035,35.857501],[-78.522946,35.85732],[-78.522998,35.857252],[-78.523291,35.857188],[-78.523444,35.856995],[-78.523541,35.856938],[-78.523743,35.856912],[-78.524387,35.857145],[-78.524491,35.857152],[-78.524641,35.857071],[-78.524721,35.856987],[-78.524918,35.856902],[-78.525062,35.856771],[-78.525204,35.856715],[-78.525413,35.856758],[-78.525493,35.856815],[-78.525961,35.856858],[-78.526306,35.856618],[-78.526541,35.856283],[-78.526613,35.856012],[-78.526731,35.855953],[-78.526875,35.856013],[-78.526935,35.8561],[-78.52704,35.856046],[-78.527234,35.856058],[-78.527819,35.855808],[-78.52803,35.855324],[-78.528051,35.854945],[-78.528703,35.854909],[-78.528824,35.854871],[-78.528813,35.854803],[-78.528895,35.854761],[-78.528994,35.854615],[-78.527014,35.854161],[-78.5268,35.854076],[-78.526351,35.853967],[-78.525104,35.853388],[-78.523999,35.852592],[-78.52379,35.852337],[-78.522914,35.852334],[-78.523125,35.851505],[-78.524076,35.851176],[-78.524796,35.852009],[-78.525239,35.852343],[-78.530017,35.852362],[-78.530044,35.852294],[-78.529898,35.851887],[-78.529826,35.851456],[-78.529724,35.851159],[-78.529618,35.850339],[-78.532321,35.850357],[-78.532757,35.850713],[-78.533332,35.852736],[-78.533499,35.852823],[-78.533313,35.853065],[-78.53319,35.853074],[-78.533113,35.853223],[-78.533155,35.853254],[-78.53316,35.853306],[-78.532959,35.85372],[-78.53286,35.854004],[-78.532561,35.855269],[-78.52948,35.854704],[-78.529308,35.854919],[-78.529115,35.855632],[-78.529106,35.855804],[-78.529164,35.856251],[-78.52912,35.856613],[-78.529063,35.856705],[-78.529051,35.856874],[-78.528795,35.857908],[-78.528447,35.858631],[-78.527972,35.859204],[-78.527849,35.859294],[-78.527413,35.859737],[-78.527269,35.859925],[-78.527172,35.860188],[-78.527076,35.860699],[-78.527088,35.861038],[-78.527121,35.861118],[-78.527074,35.861284],[-78.527103,35.861404],[-78.527088,35.861525],[-78.527138,35.861853],[-78.527124,35.862086],[-78.527163,35.862183],[-78.527139,35.862425],[-78.527117,35.86254],[-78.52696,35.862867],[-78.526969,35.862977],[-78.52692,35.863234],[-78.526802,35.86358],[-78.526855,35.86385],[-78.52701,35.86413],[-78.526708,35.864124],[-78.526195,35.864055],[-78.516386,35.863633],[-78.516504,35.863853],[-78.516329,35.864147],[-78.51632,35.864227],[-78.516215,35.864302],[-78.515902,35.864373],[-78.515741,35.864323],[-78.51584,35.864895],[-78.51572,35.865774],[-78.515103,35.865437],[-78.514684,35.865694],[-78.514479,35.865707],[-78.514476,35.865329],[-78.514414,35.864857],[-78.514052,35.864972],[-78.513677,35.864978],[-78.513619,35.864748],[-78.513545,35.864416],[-78.514268,35.864275],[-78.513854,35.863227],[-78.513219,35.863288],[-78.51226,35.863931],[-78.512357,35.864872],[-78.51203,35.864864],[-78.511885,35.865116],[-78.511166,35.865458],[-78.510851,35.865537],[-78.510771,35.865684],[-78.510834,35.86599],[-78.510805,35.866169],[-78.510512,35.866458],[-78.510028,35.866615],[-78.509903,35.866523],[-78.509951,35.866733],[-78.509803,35.866781],[-78.509191,35.866854],[-78.508772,35.866971],[-78.50865,35.867022],[-78.508415,35.86722],[-78.505431,35.867136],[-78.505404,35.864901],[-78.503459,35.864855],[-78.503457,35.863456],[-78.500764,35.863468],[-78.500655,35.863914],[-78.500423,35.864391],[-78.500335,35.864349],[-78.499588,35.863757],[-78.499614,35.863609],[-78.497754,35.863382],[-78.497656,35.863666],[-78.49751,35.863865],[-78.497208,35.863949],[-78.496936,35.864146],[-78.496901,35.864416],[-78.496894,35.865032],[-78.496952,35.865246],[-78.497296,35.865393],[-78.49739,35.866025],[-78.498481,35.866003],[-78.498701,35.865824],[-78.498937,35.86587],[-78.498884,35.866144],[-78.4984,35.866071],[-78.497904,35.86652],[-78.497679,35.866774],[-78.497495,35.867044],[-78.497369,35.867409],[-78.49735,35.867942],[-78.498061,35.868023],[-78.49806,35.868458],[-78.497467,35.868386],[-78.497467,35.868577],[-78.498543,35.868729],[-78.498533,35.869108],[-78.499009,35.86911],[-78.498992,35.869802],[-78.49922,35.870435],[-78.499944,35.870115],[-78.500429,35.870431],[-78.498855,35.871139],[-78.497971,35.870546],[-78.497679,35.870271],[-78.497482,35.870027],[-78.49656,35.870078],[-78.496565,35.870375],[-78.496404,35.870702],[-78.49546,35.870706],[-78.495348,35.870174],[-78.494742,35.870173],[-78.494656,35.869788],[-78.494353,35.869737],[-78.494338,35.870171],[-78.494419,35.870173],[-78.494412,35.870367],[-78.494328,35.870419],[-78.494331,35.872138],[-78.497351,35.873031],[-78.497352,35.873284],[-78.497497,35.873226],[-78.497694,35.873205],[-78.497961,35.873082],[-78.498246,35.873094],[-78.498337,35.873126],[-78.49876,35.873005],[-78.499031,35.873017],[-78.499702,35.872635],[-78.499835,35.872607],[-78.499948,35.872626],[-78.499663,35.872121],[-78.499455,35.871832],[-78.499537,35.871783],[-78.499289,35.871526],[-78.500194,35.871114],[-78.500691,35.871669],[-78.500936,35.871557],[-78.500961,35.871625],[-78.501352,35.871476],[-78.501447,35.871691],[-78.501584,35.871621],[-78.501962,35.871548],[-78.502619,35.871641],[-78.502805,35.871781],[-78.502918,35.871712],[-78.503203,35.871681],[-78.503339,35.871713],[-78.503397,35.871763],[-78.503508,35.872057],[-78.503899,35.872017],[-78.503997,35.872071],[-78.504212,35.871973],[-78.504323,35.872062],[-78.504504,35.871987],[-78.504547,35.871888],[-78.5051,35.871872],[-78.505419,35.87176],[-78.50546,35.871652],[-78.505419,35.871543],[-78.505642,35.871465],[-78.506115,35.871398],[-78.506226,35.871498],[-78.506546,35.871423],[-78.506496,35.880054],[-78.503979,35.880471],[-78.504317,35.88145],[-78.507141,35.882228],[-78.507133,35.882262],[-78.508394,35.882612],[-78.508361,35.8827],[-78.509977,35.88315],[-78.509948,35.883224],[-78.508887,35.883292],[-78.508855,35.884136],[-78.510029,35.884171],[-78.50963,35.886532],[-78.509731,35.886551],[-78.509583,35.887218],[-78.510139,35.887292],[-78.510424,35.887462],[-78.510544,35.88771],[-78.510391,35.888088],[-78.509408,35.887914],[-78.509076,35.889107],[-78.509943,35.889322],[-78.509735,35.890142],[-78.508761,35.889897],[-78.508433,35.8916],[-78.508266,35.892283],[-78.508004,35.892874],[-78.507805,35.893199],[-78.507555,35.893507],[-78.507473,35.893461],[-78.507891,35.892893],[-78.508118,35.892433],[-78.508212,35.892139],[-78.508252,35.891963],[-78.508185,35.89144],[-78.508514,35.889825],[-78.507984,35.889687],[-78.507236,35.889556],[-78.507381,35.88905],[-78.50827,35.889204],[-78.508842,35.889199],[-78.509254,35.887674],[-78.508622,35.887639],[-78.508815,35.88682],[-78.509463,35.886852],[-78.50957,35.886306],[-78.50829,35.886244],[-78.508092,35.887089],[-78.505566,35.885983],[-78.504942,35.886805],[-78.50096,35.885827],[-78.500529,35.885394],[-78.49918,35.886852],[-78.499815,35.887157],[-78.499427,35.887606],[-78.498247,35.889616],[-78.497596,35.889391],[-78.497191,35.89023],[-78.504845,35.890391],[-78.505021,35.894736],[-78.506547,35.894707],[-78.506668,35.894446],[-78.506939,35.894067],[-78.50704,35.894125],[-78.506794,35.894449],[-78.506671,35.89478],[-78.506655,35.895019],[-78.506699,35.896092],[-78.514073,35.893177],[-78.513973,35.89307],[-78.516811,35.891969],[-78.516079,35.891783],[-78.517026,35.891378],[-78.51729,35.891824],[-78.518746,35.891215],[-78.520119,35.890552],[-78.520082,35.890506],[-78.519957,35.890498],[-78.519676,35.89021],[-78.519653,35.888249],[-78.514022,35.887283],[-78.515281,35.884383],[-78.515767,35.884511],[-78.515868,35.884479],[-78.515897,35.884405],[-78.516382,35.88466],[-78.516952,35.883832],[-78.517699,35.883994],[-78.517275,35.885125],[-78.518122,35.885316],[-78.518909,35.885359],[-78.520534,35.885205],[-78.521182,35.885278],[-78.521369,35.885264],[-78.521912,35.885131],[-78.522848,35.885054],[-78.52683,35.885133],[-78.527997,35.884117],[-78.528611,35.884714],[-78.529193,35.885372],[-78.529375,35.885734],[-78.529697,35.885906],[-78.530022,35.885928],[-78.529642,35.886739],[-78.529669,35.887223],[-78.529621,35.887593],[-78.529445,35.887585],[-78.529431,35.887895],[-78.527328,35.88818],[-78.526971,35.888146],[-78.527087,35.888483],[-78.527139,35.888859],[-78.528818,35.888774],[-78.528878,35.88808],[-78.531808,35.888146],[-78.531816,35.888063],[-78.532212,35.888048],[-78.53266,35.887937],[-78.533114,35.887716],[-78.534345,35.888581],[-78.534782,35.888615],[-78.534961,35.888592],[-78.535061,35.888451],[-78.53523,35.888429],[-78.535548,35.888195],[-78.536453,35.88879],[-78.536028,35.888926],[-78.534923,35.889472],[-78.534611,35.889654],[-78.534324,35.89003],[-78.534108,35.890349],[-78.533819,35.891015],[-78.5332,35.893246],[-78.53316,35.894],[-78.533369,35.894784],[-78.533615,35.895423],[-78.534139,35.897252],[-78.534577,35.89797],[-78.534264,35.898001],[-78.531551,35.897899],[-78.523873,35.897565],[-78.52379,35.897005],[-78.522689,35.896992],[-78.522709,35.893493],[-78.519678,35.892884],[-78.519687,35.891609],[-78.519306,35.891681],[-78.519186,35.891321],[-78.518787,35.891505],[-78.518501,35.891713],[-78.517496,35.89208],[-78.517287,35.892098],[-78.508452,35.895566],[-78.508719,35.898145],[-78.506874,35.897601],[-78.506957,35.898849],[-78.506853,35.898852],[-78.50675,35.897233],[-78.506619,35.897239],[-78.506557,35.896418],[-78.506204,35.896431],[-78.501948,35.898097],[-78.501314,35.898475],[-78.500553,35.898643],[-78.499994,35.898862],[-78.500028,35.898918],[-78.499928,35.898957],[-78.499894,35.898901],[-78.49838,35.899494],[-78.49826,35.900115],[-78.50055,35.899733],[-78.500755,35.90067],[-78.498032,35.900988],[-78.498026,35.901048],[-78.498131,35.901053],[-78.498093,35.901478],[-78.498626,35.901511],[-78.498601,35.901784],[-78.498107,35.901756],[-78.49806,35.902324],[-78.496971,35.902235],[-78.496865,35.902999],[-78.499038,35.902979],[-78.501907,35.903003],[-78.50179,35.90388],[-78.502591,35.903882],[-78.503386,35.90289],[-78.503271,35.902595],[-78.503995,35.90213],[-78.505044,35.901955],[-78.505327,35.901831],[-78.506713,35.901654],[-78.506094,35.903483],[-78.506196,35.903485],[-78.50595,35.904211],[-78.505845,35.90421],[-78.505819,35.904292],[-78.512749,35.904348],[-78.512749,35.904817],[-78.514865,35.904816],[-78.514852,35.906319],[-78.517927,35.906267],[-78.517928,35.906218],[-78.520426,35.906236],[-78.521052,35.904815],[-78.522735,35.901331],[-78.522689,35.897653],[-78.524099,35.897701],[-78.524468,35.900056],[-78.528308,35.899638],[-78.528722,35.900515],[-78.524624,35.90095],[-78.524999,35.903155],[-78.525134,35.904183],[-78.526014,35.904283],[-78.530376,35.905566],[-78.532748,35.903749],[-78.535227,35.903521],[-78.535121,35.903819],[-78.53511,35.903951],[-78.535179,35.904188],[-78.535311,35.904382],[-78.53562,35.904744],[-78.536196,35.905312],[-78.536923,35.905913],[-78.53739,35.90637],[-78.537696,35.906623],[-78.538033,35.907007],[-78.538126,35.907153],[-78.538723,35.908831],[-78.538906,35.909169],[-78.538994,35.909218],[-78.539077,35.909185],[-78.539709,35.909223],[-78.539908,35.909143],[-78.540409,35.908626],[-78.540509,35.908346],[-78.540693,35.907434],[-78.540859,35.907005],[-78.540983,35.906774],[-78.541109,35.906623],[-78.540878,35.906382],[-78.540891,35.906075],[-78.541152,35.905754],[-78.541228,35.905456],[-78.54061,35.901706],[-78.540682,35.901703],[-78.540735,35.901362],[-78.540915,35.900881],[-78.541236,35.900375],[-78.541469,35.900114],[-78.541676,35.899935],[-78.542294,35.899548],[-78.543286,35.900334],[-78.545001,35.900415],[-78.544963,35.900307],[-78.54531,35.900059],[-78.545759,35.899452],[-78.545425,35.898593],[-78.545224,35.898476],[-78.546074,35.898263],[-78.545854,35.897687],[-78.548387,35.89728],[-78.548704,35.897758],[-78.548576,35.897972],[-78.546206,35.903169],[-78.545083,35.905538],[-78.546243,35.905706],[-78.547132,35.905925],[-78.546986,35.905933],[-78.54772,35.906322],[-78.549134,35.907204],[-78.550532,35.907917],[-78.551021,35.908035],[-78.552641,35.908104],[-78.553423,35.908202],[-78.554288,35.908542],[-78.555789,35.906708],[-78.556026,35.906509],[-78.556461,35.905917],[-78.556664,35.905598],[-78.556325,35.905438],[-78.556823,35.90543],[-78.557202,35.904609],[-78.557393,35.903996],[-78.557524,35.903345],[-78.557818,35.900544],[-78.557948,35.898897],[-78.557839,35.898763],[-78.557263,35.898483],[-78.557064,35.898423],[-78.5567,35.898385],[-78.55726,35.896679],[-78.55828,35.896703],[-78.558287,35.896634],[-78.557677,35.896621],[-78.557679,35.896209],[-78.558332,35.896222],[-78.558493,35.894424],[-78.558259,35.894282],[-78.558615,35.894139],[-78.559406,35.894164],[-78.559204,35.894812],[-78.560049,35.895254],[-78.56012,35.895518],[-78.560074,35.895765],[-78.560147,35.896204],[-78.559962,35.896704],[-78.558941,35.896596],[-78.558307,35.90303],[-78.558203,35.90374],[-78.558045,35.904384],[-78.558174,35.90438],[-78.558329,35.906718],[-78.558033,35.906469],[-78.557793,35.90666],[-78.557488,35.906449],[-78.55733,35.906686],[-78.556949,35.906519],[-78.556464,35.907151],[-78.554965,35.908974],[-78.556201,35.909345],[-78.557246,35.908555],[-78.557877,35.90868],[-78.557539,35.909663],[-78.55804,35.909768],[-78.558738,35.910747],[-78.559351,35.911365],[-78.55943,35.911549],[-78.559677,35.911883],[-78.559836,35.912185],[-78.559845,35.912432],[-78.559955,35.91268],[-78.559708,35.91268],[-78.559729,35.912765],[-78.559615,35.913782],[-78.559594,35.91428],[-78.559885,35.915866],[-78.559442,35.916492],[-78.558816,35.917127],[-78.55803,35.918082],[-78.557875,35.918329],[-78.556913,35.919603],[-78.55657,35.919972],[-78.555929,35.920941],[-78.555708,35.921388],[-78.555314,35.922518],[-78.555165,35.923365],[-78.555029,35.923851],[-78.554945,35.924331],[-78.554587,35.925195],[-78.554239,35.925768],[-78.553888,35.926216],[-78.553626,35.926709],[-78.55354,35.927678],[-78.553564,35.927882],[-78.553725,35.928342],[-78.553892,35.928518],[-78.555007,35.929231],[-78.555647,35.929722],[-78.556218,35.930106],[-78.556935,35.930522],[-78.557528,35.930791],[-78.557911,35.930916],[-78.558003,35.930981],[-78.558121,35.931245],[-78.558742,35.931759],[-78.559854,35.932569],[-78.560471,35.932879],[-78.560549,35.933119],[-78.560032,35.934288],[-78.556684,35.933754],[-78.553944,35.933173],[-78.554055,35.934099],[-78.553613,35.934686],[-78.553224,35.935465],[-78.552788,35.937617],[-78.552772,35.938827],[-78.552686,35.938962],[-78.552698,35.939265],[-78.552603,35.93954],[-78.552649,35.939814],[-78.552559,35.940014],[-78.552497,35.940407],[-78.552537,35.940545],[-78.541616,35.940106],[-78.541277,35.940879],[-78.542204,35.94087],[-78.542196,35.940899],[-78.544104,35.940941],[-78.543991,35.94174],[-78.54102,35.941292],[-78.540997,35.941474],[-78.540562,35.942497],[-78.54025,35.943476],[-78.540083,35.94419],[-78.54014,35.944193],[-78.539828,35.946031],[-78.539703,35.946218],[-78.539671,35.948068],[-78.539801,35.949605],[-78.539971,35.950714],[-78.54061,35.953022],[-78.541241,35.95487],[-78.54166,35.955489],[-78.541633,35.956065],[-78.54182,35.956633],[-78.541994,35.957482],[-78.542203,35.957983],[-78.542441,35.958801],[-78.542725,35.959974],[-78.5427,35.96047],[-78.542717,35.960721],[-78.542987,35.960882],[-78.543378,35.960436],[-78.543481,35.960368],[-78.543753,35.960007],[-78.544781,35.960278],[-78.545335,35.96132],[-78.545748,35.962344],[-78.546141,35.963657],[-78.546032,35.96443],[-78.545723,35.965334],[-78.547021,35.965524],[-78.547482,35.965648],[-78.547979,35.965835],[-78.548626,35.966143],[-78.554159,35.969064]],[[-78.559349,35.93858],[-78.559227,35.939723],[-78.555862,35.939482],[-78.556176,35.936572],[-78.559556,35.936819],[-78.559349,35.93858]],[[-78.579548,35.932786],[-78.579479,35.932779],[-78.579577,35.932229],[-78.579105,35.931988],[-78.580246,35.931098],[-78.580354,35.931233],[-78.580993,35.930954],[-78.58162,35.930754],[-78.582165,35.930509],[-78.582691,35.931152],[-78.582289,35.931338],[-78.58133,35.931701],[-78.580408,35.93218],[-78.580259,35.932223],[-78.580082,35.932395],[-78.579548,35.932786]],[[-78.581544,35.932703],[-78.581013,35.932171],[-78.581577,35.931906],[-78.581885,35.93246],[-78.581562,35.932721],[-78.581544,35.932703]],[[-78.584808,35.928954],[-78.583988,35.928961],[-78.58509,35.927199],[-78.586922,35.928174],[-78.586595,35.928555],[-78.586114,35.928926],[-78.585668,35.928933],[-78.585624,35.928814],[-78.584637,35.928793],[-78.584808,35.928954]],[[-78.581265,35.925328],[-78.583318,35.925431],[-78.58367,35.925494],[-78.584268,35.925659],[-78.581011,35.925534],[-78.581017,35.925327],[-78.581265,35.925328]],[[-78.581315,35.9246],[-78.581312,35.925097],[-78.580981,35.925093],[-78.581007,35.92381],[-78.58134,35.923767],[-78.581315,35.9246]],[[-78.575468,35.923949],[-78.575463,35.924835],[-78.574696,35.924772],[-78.57474,35.923919],[-78.574375,35.923706],[-78.573794,35.923238],[-78.573175,35.923498],[-78.573065,35.92328],[-78.572784,35.923311],[-78.572541,35.922841],[-78.573478,35.922977],[-78.573405,35.922921],[-78.568198,35.922101],[-78.568265,35.921118],[-78.57124,35.921183],[-78.571664,35.921636],[-78.57221,35.921401],[-78.571561,35.920716],[-78.575493,35.922689],[-78.575474,35.923249],[-78.574127,35.923026],[-78.574031,35.923111],[-78.574737,35.923664],[-78.575002,35.923797],[-78.575468,35.923949]],[[-78.586609,35.92322],[-78.584699,35.922231],[-78.582834,35.918985],[-78.585138,35.916442],[-78.586656,35.916439],[-78.586755,35.915413],[-78.589312,35.915441],[-78.589108,35.917709],[-78.588903,35.917711],[-78.588901,35.917996],[-78.590317,35.918007],[-78.590369,35.917891],[-78.590045,35.917524],[-78.590077,35.917164],[-78.59055,35.917177],[-78.590591,35.9166],[-78.591405,35.91663],[-78.59142,35.916074],[-78.591791,35.916098],[-78.591771,35.917302],[-78.591695,35.918339],[-78.591101,35.918689],[-78.591012,35.91867],[-78.590755,35.918887],[-78.590099,35.919279],[-78.590079,35.919684],[-78.590075,35.919999],[-78.592074,35.9201],[-78.591608,35.920825],[-78.590202,35.922589],[-78.590141,35.922557],[-78.588902,35.924087],[-78.588691,35.924309],[-78.586609,35.92322]],[[-78.574533,35.916045],[-78.574524,35.916072],[-78.570758,35.914114],[-78.573171,35.908494],[-78.573958,35.908253],[-78.574863,35.907525],[-78.575637,35.906332],[-78.575695,35.90462],[-78.576504,35.902677],[-78.576758,35.902329],[-78.577213,35.902516],[-78.577412,35.902649],[-78.577536,35.902796],[-78.577825,35.903298],[-78.578115,35.903196],[-78.578357,35.903185],[-78.577779,35.90462],[-78.58406,35.904654],[-78.584334,35.903853],[-78.584301,35.903727],[-78.584209,35.903654],[-78.584384,35.903704],[-78.5844,35.90366],[-78.585086,35.903876],[-78.584894,35.903878],[-78.584754,35.903978],[-78.584445,35.904868],[-78.58543,35.905165],[-78.586652,35.905784],[-78.584436,35.911304],[-78.584223,35.911261],[-78.584143,35.911274],[-78.583904,35.911193],[-78.58361,35.91095],[-78.583537,35.910979],[-78.583589,35.910758],[-78.583511,35.910732],[-78.583528,35.910643],[-78.583407,35.910632],[-78.583301,35.910533],[-78.582248,35.910718],[-78.581914,35.910678],[-78.581262,35.910533],[-78.580919,35.910615],[-78.580201,35.91072],[-78.57983,35.910701],[-78.579595,35.910736],[-78.578694,35.910615],[-78.57805,35.910632],[-78.577491,35.910768],[-78.576726,35.911151],[-78.575482,35.911071],[-78.575575,35.914791],[-78.574787,35.915307],[-78.574533,35.916045]],[[-78.596241,35.903162],[-78.597055,35.902154],[-78.599366,35.90338],[-78.599362,35.903793],[-78.597912,35.904183],[-78.596213,35.904496],[-78.595101,35.904593],[-78.596241,35.903162]],[[-78.590787,35.911264],[-78.591623,35.911199],[-78.591706,35.911583],[-78.591915,35.911577],[-78.591975,35.912111],[-78.591937,35.913429],[-78.591972,35.913658],[-78.592037,35.913819],[-78.591849,35.913906],[-78.591842,35.914175],[-78.590478,35.914421],[-78.590392,35.913914],[-78.590484,35.913428],[-78.590884,35.913391],[-78.59088,35.913531],[-78.591733,35.913364],[-78.591772,35.912146],[-78.591726,35.911792],[-78.5909,35.911855],[-78.590787,35.911264]],[[-78.600723,35.901473],[-78.599743,35.90149],[-78.599763,35.900624],[-78.600633,35.900484],[-78.601272,35.901467],[-78.600723,35.901473]],[[-78.569687,35.900297],[-78.567765,35.900032],[-78.569311,35.897204],[-78.570103,35.897466],[-78.57008,35.897502],[-78.570386,35.897602],[-78.569824,35.898603],[-78.570492,35.898821],[-78.569687,35.900297]],[[-78.599124,35.900197],[-78.598705,35.899334],[-78.59878,35.899333],[-78.598738,35.898636],[-78.599618,35.898611],[-78.600171,35.89972],[-78.599189,35.900329],[-78.599124,35.900197]],[[-78.513452,35.8835],[-78.513376,35.883875],[-78.513551,35.883921],[-78.513455,35.884207],[-78.512805,35.887081],[-78.511768,35.886901],[-78.512006,35.883676],[-78.510325,35.883243],[-78.510361,35.883148],[-78.511031,35.883094],[-78.511498,35.882939],[-78.511989,35.882823],[-78.512199,35.882838],[-78.51245,35.882971],[-78.51294,35.882843],[-78.51326,35.88293],[-78.513536,35.883136],[-78.513491,35.883105],[-78.513452,35.8835]],[[-78.543758,35.882758],[-78.54427,35.879432],[-78.544713,35.878748],[-78.544714,35.878806],[-78.545517,35.879122],[-78.546074,35.879301],[-78.546315,35.87942],[-78.546186,35.880778],[-78.545995,35.880818],[-78.545561,35.881107],[-78.545534,35.881447],[-78.545302,35.881611],[-78.545324,35.881731],[-78.545188,35.882016],[-78.545388,35.882404],[-78.545088,35.882708],[-78.544623,35.882694],[-78.544658,35.882783],[-78.544512,35.883067],[-78.544451,35.883103],[-78.543969,35.883169],[-78.543712,35.88306],[-78.543758,35.882758]],[[-78.535303,35.880175],[-78.535125,35.880215],[-78.534752,35.880367],[-78.534426,35.880623],[-78.534129,35.880975],[-78.53381,35.881582],[-78.533076,35.880143],[-78.533776,35.879679],[-78.534385,35.879334],[-78.536277,35.878487],[-78.537036,35.880027],[-78.536437,35.880021],[-78.535303,35.880175]],[[-78.5378,35.880003],[-78.536868,35.878229],[-78.538886,35.877306],[-78.53931,35.877036],[-78.539623,35.877225],[-78.539171,35.877621],[-78.538861,35.87886],[-78.538599,35.880173],[-78.5378,35.880003]],[[-78.540021,35.87733],[-78.540957,35.876576],[-78.541169,35.876705],[-78.540328,35.877536],[-78.539922,35.877409],[-78.540021,35.87733]],[[-78.510271,35.876705],[-78.510256,35.876745],[-78.508846,35.876284],[-78.508675,35.875763],[-78.508085,35.875993],[-78.508018,35.875871],[-78.507972,35.875744],[-78.507954,35.875475],[-78.508105,35.875291],[-78.508227,35.875196],[-78.50846,35.875088],[-78.507724,35.872654],[-78.507886,35.87262],[-78.5073,35.870721],[-78.507262,35.87053],[-78.507338,35.870464],[-78.507196,35.870097],[-78.507162,35.86967],[-78.507226,35.869635],[-78.507164,35.869265],[-78.507217,35.869129],[-78.50924,35.868884],[-78.509259,35.868535],[-78.509028,35.867956],[-78.517708,35.868096],[-78.517597,35.869861],[-78.515452,35.869831],[-78.515482,35.870242],[-78.514497,35.870233],[-78.514586,35.870939],[-78.514812,35.871829],[-78.515858,35.871852],[-78.515907,35.872688],[-78.514482,35.872681],[-78.514587,35.872478],[-78.514643,35.872253],[-78.514612,35.871841],[-78.50974,35.871806],[-78.510747,35.875085],[-78.511278,35.875104],[-78.510628,35.875899],[-78.510445,35.876247],[-78.510271,35.876705]],[[-78.568956,35.869669],[-78.57111,35.869696],[-78.570008,35.871013],[-78.569686,35.870846],[-78.569612,35.870889],[-78.569241,35.870768],[-78.568905,35.870743],[-78.568956,35.869669]],[[-78.51904,35.871023],[-78.519102,35.870876],[-78.520014,35.87089],[-78.521191,35.871432],[-78.520971,35.871677],[-78.520806,35.872027],[-78.518711,35.871986],[-78.518709,35.872041],[-78.517047,35.872022],[-78.517063,35.871315],[-78.51757,35.871322],[-78.517558,35.871888],[-78.518517,35.871897],[-78.518529,35.871321],[-78.518911,35.871331],[-78.51904,35.871023]],[[-78.559335,35.875068],[-78.559868,35.874886],[-78.559759,35.880941],[-78.556344,35.880757],[-78.556301,35.881122],[-78.55149,35.87949],[-78.549827,35.879315],[-78.548175,35.879609],[-78.549094,35.879103],[-78.549267,35.879065],[-78.549435,35.87893],[-78.549881,35.878727],[-78.550148,35.878562],[-78.550182,35.878428],[-78.550353,35.878395],[-78.550393,35.878333],[-78.550351,35.878273],[-78.550374,35.87824],[-78.55047,35.878209],[-78.550689,35.87821],[-78.550889,35.877926],[-78.551273,35.877567],[-78.55132,35.877393],[-78.551618,35.877246],[-78.551784,35.877074],[-78.551882,35.877016],[-78.552036,35.876986],[-78.552344,35.876861],[-78.552875,35.876899],[-78.553022,35.876872],[-78.55316,35.876765],[-78.553176,35.876662],[-78.553333,35.876569],[-78.55363,35.876585],[-78.553883,35.876526],[-78.553958,35.876564],[-78.55403,35.876537],[-78.554106,35.876558],[-78.554245,35.876388],[-78.554374,35.876388],[-78.554611,35.876309],[-78.554891,35.876268],[-78.554996,35.876219],[-78.555064,35.87613],[-78.555209,35.876101],[-78.555338,35.875997],[-78.555497,35.875966],[-78.555622,35.87587],[-78.555726,35.875876],[-78.555823,35.87598],[-78.555923,35.875878],[-78.555967,35.875943],[-78.556285,35.875886],[-78.556618,35.875938],[-78.556733,35.87597],[-78.556758,35.876017],[-78.556962,35.876017],[-78.557261,35.875915],[-78.557536,35.875754],[-78.557601,35.875599],[-78.55835,35.875187],[-78.558819,35.875069],[-78.559213,35.875097],[-78.559335,35.875068]],[[-78.550835,35.880034],[-78.552614,35.880705],[-78.551681,35.88229],[-78.550491,35.882595],[-78.549975,35.882168],[-78.549612,35.881797],[-78.5495,35.881544],[-78.549386,35.881497],[-78.550277,35.880981],[-78.550835,35.880034]],[[-78.569596,35.882384],[-78.570148,35.881893],[-78.570764,35.882374],[-78.570212,35.882982],[-78.56991,35.882739],[-78.569596,35.882384]],[[-78.542085,35.878247],[-78.541293,35.879146],[-78.540689,35.878789],[-78.541072,35.878355],[-78.540797,35.878193],[-78.541781,35.877071],[-78.542654,35.877596],[-78.542085,35.878247]],[[-78.559902,35.865292],[-78.558712,35.865466],[-78.556694,35.864608],[-78.558561,35.862647],[-78.553517,35.859704],[-78.55564,35.857458],[-78.556832,35.858209],[-78.55791,35.857957],[-78.557862,35.856174],[-78.555751,35.856152],[-78.555423,35.856094],[-78.555423,35.855995],[-78.554765,35.856086],[-78.551813,35.858673],[-78.551133,35.859386],[-78.551968,35.859916],[-78.551465,35.860517],[-78.552262,35.860987],[-78.552114,35.861154],[-78.550709,35.860327],[-78.550585,35.860457],[-78.550438,35.860491],[-78.550137,35.860914],[-78.547473,35.862701],[-78.546986,35.862055],[-78.546359,35.86081],[-78.545339,35.85946],[-78.544279,35.858478],[-78.54353,35.857965],[-78.54285,35.8576],[-78.542133,35.857286],[-78.541385,35.857025],[-78.540067,35.856732],[-78.540487,35.85587],[-78.537293,35.853467],[-78.537431,35.851805],[-78.540803,35.851382],[-78.543085,35.851586],[-78.542998,35.853621],[-78.544437,35.853748],[-78.547866,35.85396],[-78.549801,35.853699],[-78.552856,35.854],[-78.552858,35.852751],[-78.555776,35.852763],[-78.555774,35.851762],[-78.556632,35.851763],[-78.55664,35.852502],[-78.557953,35.853081],[-78.559616,35.851628],[-78.556651,35.85033],[-78.556646,35.850754],[-78.555778,35.850752],[-78.555798,35.849723],[-78.555624,35.849674],[-78.554871,35.849594],[-78.554829,35.849175],[-78.555714,35.849101],[-78.555859,35.848711],[-78.555995,35.848514],[-78.556202,35.848282],[-78.556697,35.847978],[-78.556031,35.847299],[-78.557354,35.843955],[-78.556953,35.84303],[-78.558038,35.843257],[-78.562174,35.843831],[-78.56268,35.844138],[-78.563095,35.844869],[-78.563733,35.845699],[-78.564296,35.84536],[-78.564538,35.846085],[-78.563932,35.846451],[-78.564004,35.846677],[-78.563685,35.846826],[-78.563168,35.846164],[-78.563079,35.846188],[-78.562692,35.845347],[-78.561255,35.845663],[-78.561497,35.846491],[-78.559858,35.846741],[-78.559372,35.846916],[-78.558872,35.847152],[-78.559208,35.847628],[-78.560873,35.848464],[-78.559857,35.849235],[-78.559562,35.849138],[-78.55955,35.849173],[-78.55949,35.849185],[-78.559519,35.849268],[-78.559501,35.849343],[-78.559451,35.849371],[-78.559474,35.849426],[-78.559353,35.849512],[-78.559321,35.84962],[-78.560863,35.850909],[-78.561199,35.850565],[-78.561437,35.850384],[-78.561904,35.849863],[-78.562533,35.849231],[-78.563053,35.850386],[-78.562772,35.851245],[-78.562498,35.850871],[-78.561065,35.852167],[-78.560224,35.85155],[-78.559796,35.851971],[-78.560621,35.852576],[-78.559443,35.853628],[-78.560198,35.853947],[-78.560104,35.854093],[-78.559732,35.854491],[-78.560267,35.854695],[-78.56019,35.856031],[-78.56122,35.856036],[-78.561243,35.855953],[-78.564647,35.85597],[-78.564644,35.855921],[-78.565497,35.855931],[-78.565482,35.856608],[-78.565072,35.856605],[-78.565109,35.858341],[-78.563212,35.858367],[-78.56314,35.863681],[-78.559874,35.863661],[-78.559902,35.865292]],[[-78.546388,35.86344],[-78.547417,35.863587],[-78.547013,35.86428],[-78.546022,35.864158],[-78.546117,35.863405],[-78.546388,35.86344]],[[-78.53545,35.863915],[-78.535135,35.863945],[-78.535015,35.864079],[-78.534774,35.864185],[-78.534676,35.864156],[-78.534604,35.863831],[-78.534239,35.863941],[-78.534268,35.863231],[-78.535029,35.863251],[-78.537471,35.862693],[-78.537757,35.863147],[-78.536513,35.8635],[-78.536357,35.863635],[-78.535895,35.863801],[-78.535714,35.863797],[-78.53545,35.863915]],[[-78.542572,35.863537],[-78.542577,35.862552],[-78.540185,35.862543],[-78.540184,35.862368],[-78.542582,35.862377],[-78.542582,35.862302],[-78.542788,35.862302],[-78.542787,35.862378],[-78.54288,35.862378],[-78.542879,35.862546],[-78.542787,35.862545],[-78.542781,35.863539],[-78.542572,35.863537]],[[-78.536455,35.859206],[-78.536367,35.85927],[-78.537274,35.86007],[-78.537121,35.860177],[-78.536166,35.859311],[-78.53477,35.858138],[-78.53493,35.858041],[-78.535086,35.858212],[-78.53623,35.859153],[-78.536322,35.859085],[-78.536455,35.859206]],[[-78.531358,35.859076],[-78.530713,35.859078],[-78.530713,35.858995],[-78.530997,35.858995],[-78.531223,35.858939],[-78.531358,35.859076]],[[-78.536912,35.854314],[-78.5367,35.854538],[-78.536819,35.854659],[-78.53675,35.855038],[-78.536646,35.856015],[-78.532921,35.855335],[-78.533182,35.854206],[-78.533312,35.853805],[-78.533555,35.853335],[-78.533987,35.852756],[-78.534626,35.853077],[-78.534725,35.853281],[-78.534831,35.853416],[-78.535108,35.853645],[-78.535276,35.853717],[-78.535666,35.853806],[-78.536058,35.853784],[-78.536912,35.854314]],[[-78.570055,35.843352],[-78.569715,35.842631],[-78.569697,35.842125],[-78.568144,35.842164],[-78.568019,35.838525],[-78.568342,35.837891],[-78.568825,35.837311],[-78.570074,35.836876],[-78.570487,35.837563],[-78.57038,35.837545],[-78.570018,35.837666],[-78.570169,35.837955],[-78.570634,35.8378],[-78.571463,35.839152],[-78.571233,35.839236],[-78.571352,35.842502],[-78.571781,35.843535],[-78.571397,35.84371],[-78.571223,35.843742],[-78.571007,35.843862],[-78.570814,35.843394],[-78.570169,35.843594],[-78.570055,35.843352]],[[-78.570439,35.844141],[-78.56873,35.844923],[-78.568431,35.844193],[-78.568685,35.84409],[-78.568915,35.84413],[-78.569144,35.843673],[-78.569563,35.84382],[-78.570179,35.843616],[-78.570439,35.844141]],[[-78.563005,35.855181],[-78.56262,35.855072],[-78.562956,35.854323],[-78.563591,35.854512],[-78.563271,35.855257],[-78.563005,35.855181]],[[-78.566603,35.858034],[-78.565961,35.858023],[-78.565983,35.857343],[-78.566653,35.857353],[-78.566631,35.858034],[-78.566603,35.858034]],[[-78.565365,35.863914],[-78.566525,35.863872],[-78.566482,35.864122],[-78.566389,35.864349],[-78.566263,35.864522],[-78.565745,35.865028],[-78.563109,35.865143],[-78.563136,35.863995],[-78.564818,35.863934],[-78.564793,35.864423],[-78.565343,35.864397],[-78.565365,35.863914]],[[-78.563258,35.831672],[-78.563211,35.832258],[-78.562997,35.832266],[-78.562706,35.832593],[-78.562531,35.832716],[-78.562144,35.832003],[-78.563052,35.831679],[-78.563262,35.831632],[-78.563258,35.831672]],[[-78.51551,35.843943],[-78.514588,35.843698],[-78.514958,35.843313],[-78.515709,35.843547],[-78.51551,35.843943]],[[-78.524418,35.842276],[-78.524444,35.842276],[-78.524498,35.842276],[-78.524418,35.842276]],[[-78.515817,35.841732],[-78.515203,35.8417],[-78.515303,35.841092],[-78.51484,35.84108],[-78.514819,35.840615],[-78.515872,35.840814],[-78.516063,35.840819],[-78.515817,35.841732]],[[-78.508086,35.88806],[-78.508505,35.888132],[-78.50829,35.889039],[-78.507424,35.888888],[-78.507659,35.887986],[-78.508086,35.88806]],[[-78.542793,35.894786],[-78.544613,35.894451],[-78.545565,35.896929],[-78.544378,35.897206],[-78.54405,35.89785],[-78.543324,35.897577],[-78.54356,35.894655],[-78.542793,35.894786]]],[[[-78.556635,35.848206],[-78.556365,35.848395],[-78.556184,35.848587],[-78.556055,35.848764],[-78.555901,35.849098],[-78.558088,35.849864],[-78.558944,35.849477],[-78.556866,35.848777],[-78.557083,35.848573],[-78.557416,35.848417],[-78.556686,35.848172],[-78.556635,35.848206]]],[[[-78.556208,35.855029],[-78.555358,35.855751],[-78.555672,35.855851],[-78.555983,35.855869],[-78.559084,35.855884],[-78.559279,35.854319],[-78.557706,35.853721],[-78.556208,35.855029]]]]},"properties":{"COUNCIL_DIST":"B","COUNCIL_PERSON":"Megan Patton","ObjectID":3},"id":3},{"type":"Feature","geometry":{"type":"MultiPolygon","coordinates":[[[[-78.686459,35.738956],[-78.686676,35.738856],[-78.686724,35.738039],[-78.686501,35.738032],[-78.686459,35.738956]]],[[[-78.685786,35.740271],[-78.686396,35.74035],[-78.686404,35.740165],[-78.685791,35.740088],[-78.685786,35.740271]]],[[[-78.68645,35.741384],[-78.687267,35.741709],[-78.687231,35.742041],[-78.687282,35.74188],[-78.687487,35.741612],[-78.687494,35.741552],[-78.687286,35.741519],[-78.686479,35.741194],[-78.68645,35.741384]]],[[[-78.68452,35.742601],[-78.68452,35.742637],[-78.685498,35.742735],[-78.685543,35.742194],[-78.685071,35.742124],[-78.684532,35.742102],[-78.68452,35.742601]]],[[[-78.696317,35.742839],[-78.696454,35.743055],[-78.696699,35.743145],[-78.697065,35.74341],[-78.697351,35.743805],[-78.697613,35.744051],[-78.697615,35.744429],[-78.697786,35.743929],[-78.697953,35.743656],[-78.698126,35.743452],[-78.697545,35.742815],[-78.697545,35.742759],[-78.697408,35.742733],[-78.697111,35.742578],[-78.697045,35.742365],[-78.697191,35.742087],[-78.697305,35.741994],[-78.697537,35.741904],[-78.697613,35.741935],[-78.697612,35.740856],[-78.694399,35.741168],[-78.694592,35.741574],[-78.695096,35.741895],[-78.69511,35.742076],[-78.695186,35.742248],[-78.695667,35.74256],[-78.695899,35.742527],[-78.696113,35.742715],[-78.696317,35.742839]]],[[[-78.736259,35.747369],[-78.736776,35.747876],[-78.737054,35.748029],[-78.737232,35.747817],[-78.737336,35.747623],[-78.737367,35.747343],[-78.736259,35.747369]]],[[[-78.711566,35.748143],[-78.711388,35.749568],[-78.714902,35.749129],[-78.715436,35.749023],[-78.715556,35.748042],[-78.712707,35.747405],[-78.711683,35.747207],[-78.711566,35.748143]]],[[[-78.736259,35.747369],[-78.735647,35.747486],[-78.735656,35.747066],[-78.734772,35.74693],[-78.73475,35.747037],[-78.734848,35.746445],[-78.733757,35.746596],[-78.733592,35.745942],[-78.731527,35.746256],[-78.731505,35.747093],[-78.730919,35.747091],[-78.730862,35.748561],[-78.73012,35.748734],[-78.730233,35.746448],[-78.728902,35.746633],[-78.727297,35.746908],[-78.725707,35.747348],[-78.725715,35.747479],[-78.725043,35.747665],[-78.725041,35.74764],[-78.724197,35.7479],[-78.7242,35.747763],[-78.722204,35.748293],[-78.721065,35.748467],[-78.721143,35.750526],[-78.721104,35.751762],[-78.721827,35.7518],[-78.721711,35.756312],[-78.720491,35.756274],[-78.719988,35.756156],[-78.719544,35.755874],[-78.71924,35.755737],[-78.718015,35.755434],[-78.717048,35.75514],[-78.717711,35.754056],[-78.717903,35.753403],[-78.717973,35.752617],[-78.717888,35.751718],[-78.718011,35.751698],[-78.717914,35.750975],[-78.719175,35.750864],[-78.71848,35.748897],[-78.714185,35.749472],[-78.71186,35.749749],[-78.711796,35.75132],[-78.711676,35.751328],[-78.709458,35.751023],[-78.710695,35.750017],[-78.710661,35.749866],[-78.709541,35.749969],[-78.708579,35.749974],[-78.707925,35.749938],[-78.70682,35.749787],[-78.705497,35.749487],[-78.705557,35.74545],[-78.698521,35.745302],[-78.698761,35.747178],[-78.69811,35.747221],[-78.69953,35.747766],[-78.700428,35.74805],[-78.700434,35.74801],[-78.701133,35.748204],[-78.701042,35.748557],[-78.701296,35.748737],[-78.701088,35.749633],[-78.700791,35.749863],[-78.699741,35.749602],[-78.699807,35.749305],[-78.699712,35.749281],[-78.699648,35.749579],[-78.69912,35.749446],[-78.699275,35.748721],[-78.699211,35.748705],[-78.699286,35.748343],[-78.699685,35.74812],[-78.698944,35.747831],[-78.698731,35.748429],[-78.698656,35.748518],[-78.698439,35.748939],[-78.698733,35.749042],[-78.698771,35.749105],[-78.698708,35.74996],[-78.698793,35.750014],[-78.698871,35.750353],[-78.698862,35.750473],[-78.697462,35.751069],[-78.696947,35.751186],[-78.696012,35.751302],[-78.697053,35.75013],[-78.697071,35.749931],[-78.697759,35.750053],[-78.698341,35.747589],[-78.697533,35.747266],[-78.697348,35.747278],[-78.697357,35.747194],[-78.696098,35.746716],[-78.696288,35.746143],[-78.696317,35.74586],[-78.695903,35.745797],[-78.695879,35.746036],[-78.695667,35.746654],[-78.695533,35.746549],[-78.694721,35.74624],[-78.694559,35.746785],[-78.694535,35.747163],[-78.69409,35.747123],[-78.694131,35.74638],[-78.69422,35.746074],[-78.692116,35.745366],[-78.691993,35.745622],[-78.69155,35.745372],[-78.691438,35.745052],[-78.690938,35.744882],[-78.690937,35.744815],[-78.689454,35.744248],[-78.689456,35.744205],[-78.688944,35.74401],[-78.688908,35.74501],[-78.688592,35.744891],[-78.688629,35.743969],[-78.6871,35.743379],[-78.686968,35.744575],[-78.68665,35.74462],[-78.686792,35.743317],[-78.686325,35.743162],[-78.68633,35.743091],[-78.686025,35.743008],[-78.685981,35.743621],[-78.685459,35.743472],[-78.68546,35.742937],[-78.684473,35.742865],[-78.683798,35.742883],[-78.682103,35.743015],[-78.682337,35.746713],[-78.680004,35.746686],[-78.680024,35.746068],[-78.679764,35.746052],[-78.678687,35.745154],[-78.679091,35.744821],[-78.679546,35.744917],[-78.67957,35.744898],[-78.679966,35.745239],[-78.68149,35.744009],[-78.68143,35.743076],[-78.680586,35.74312],[-78.680149,35.743079],[-78.679491,35.743602],[-78.677175,35.743338],[-78.674342,35.743222],[-78.674316,35.742734],[-78.674338,35.742363],[-78.672816,35.742112],[-78.672823,35.742703],[-78.672126,35.742534],[-78.672113,35.741992],[-78.671703,35.741838],[-78.671013,35.74145],[-78.670657,35.741864],[-78.670479,35.741761],[-78.670654,35.741247],[-78.66962,35.740679],[-78.669264,35.741582],[-78.66884,35.741585],[-78.66845,35.741359],[-78.669349,35.740276],[-78.669434,35.740325],[-78.66969,35.739783],[-78.6681,35.738846],[-78.66262,35.7358],[-78.663009,35.733533],[-78.663317,35.731452],[-78.662065,35.731431],[-78.661694,35.731362],[-78.661383,35.731344],[-78.658919,35.731303],[-78.658915,35.731247],[-78.656483,35.731225],[-78.654042,35.731158],[-78.65397,35.726545],[-78.652762,35.726519],[-78.651181,35.725368],[-78.651294,35.725191],[-78.650686,35.725144],[-78.650305,35.725161],[-78.648245,35.725427],[-78.648038,35.725221],[-78.647607,35.725005],[-78.647608,35.726144],[-78.646428,35.726127],[-78.646438,35.725684],[-78.646331,35.725679],[-78.646326,35.725975],[-78.645708,35.725947],[-78.645697,35.72654],[-78.644988,35.726508],[-78.64496,35.72755],[-78.644136,35.727544],[-78.644189,35.726266],[-78.642128,35.726243],[-78.642214,35.727956],[-78.640772,35.728252],[-78.640653,35.727882],[-78.640072,35.727978],[-78.640024,35.727869],[-78.640129,35.727864],[-78.640198,35.727698],[-78.640259,35.727304],[-78.640223,35.727128],[-78.64002,35.726494],[-78.639553,35.725578],[-78.639412,35.725487],[-78.639142,35.725408],[-78.638594,35.725534],[-78.638563,35.725456],[-78.637967,35.72555],[-78.637988,35.725684],[-78.638416,35.725694],[-78.638131,35.730422],[-78.636779,35.730246],[-78.63628,35.730212],[-78.635401,35.730191],[-78.634711,35.730227],[-78.633424,35.730393],[-78.631338,35.730844],[-78.630892,35.730557],[-78.630419,35.730154],[-78.630062,35.729765],[-78.628932,35.728357],[-78.628101,35.728267],[-78.626906,35.728198],[-78.626984,35.729181],[-78.626667,35.729237],[-78.626732,35.729364],[-78.626358,35.729427],[-78.62648,35.729623],[-78.626384,35.729664],[-78.627201,35.730752],[-78.627532,35.731247],[-78.62764,35.731439],[-78.627698,35.731624],[-78.62778,35.732124],[-78.627922,35.734855],[-78.628089,35.735586],[-78.628274,35.736008],[-78.630499,35.74045],[-78.630641,35.740453],[-78.63854,35.742306],[-78.638388,35.743116],[-78.638215,35.743653],[-78.638009,35.744115],[-78.635535,35.74802],[-78.635043,35.748922],[-78.634812,35.74952],[-78.634649,35.75007],[-78.634386,35.751261],[-78.63409,35.752369],[-78.634012,35.753212],[-78.635475,35.753627],[-78.635446,35.753855],[-78.636851,35.754256],[-78.637689,35.754437],[-78.638457,35.754549],[-78.639569,35.754622],[-78.64052,35.754605],[-78.641348,35.754531],[-78.639992,35.758539],[-78.639714,35.759617],[-78.639543,35.760577],[-78.639398,35.762074],[-78.639398,35.763108],[-78.639044,35.767182],[-78.638901,35.768415],[-78.63894,35.769365],[-78.638735,35.769541],[-78.638676,35.769777],[-78.63836,35.775568],[-78.641966,35.775692],[-78.64174,35.779683],[-78.641554,35.783958],[-78.64158,35.784211],[-78.641641,35.784355],[-78.641855,35.784548],[-78.642197,35.78474],[-78.642494,35.785104],[-78.642924,35.786716],[-78.642961,35.78714],[-78.642942,35.787308],[-78.643048,35.787613],[-78.642616,35.790583],[-78.642374,35.791555],[-78.641415,35.79498],[-78.640928,35.79587],[-78.641142,35.796037],[-78.644629,35.797723],[-78.644986,35.79782],[-78.645213,35.797848],[-78.646843,35.797893],[-78.647287,35.797826],[-78.647558,35.797729],[-78.648049,35.797484],[-78.64841,35.797217],[-78.648719,35.797049],[-78.651434,35.796103],[-78.652734,35.795753],[-78.652881,35.795736],[-78.653184,35.795764],[-78.654131,35.795897],[-78.654809,35.79608],[-78.65595,35.796641],[-78.656164,35.796802],[-78.656244,35.796918],[-78.65631,35.797098],[-78.656363,35.797453],[-78.656515,35.797669],[-78.657974,35.798912],[-78.658398,35.799192],[-78.658892,35.799411],[-78.661739,35.80036],[-78.662105,35.800429],[-78.662655,35.800455],[-78.67034,35.800474],[-78.670928,35.800538],[-78.67194,35.800876],[-78.67225,35.801016],[-78.67768,35.801071],[-78.677467,35.801363],[-78.677041,35.801813],[-78.676927,35.802038],[-78.676535,35.802505],[-78.676468,35.802687],[-78.676367,35.802807],[-78.676091,35.803016],[-78.675463,35.803681],[-78.674782,35.804247],[-78.674595,35.804465],[-78.676179,35.804494],[-78.676911,35.804446],[-78.67753,35.804271],[-78.678525,35.803929],[-78.678771,35.803892],[-78.680535,35.803872],[-78.680804,35.80381],[-78.681478,35.803527],[-78.681909,35.803408],[-78.683205,35.803366],[-78.686357,35.803365],[-78.687546,35.803578],[-78.687574,35.803225],[-78.687451,35.801837],[-78.691546,35.803105],[-78.69201,35.803179],[-78.693615,35.803635],[-78.693579,35.800641],[-78.693769,35.798934],[-78.694197,35.797256],[-78.694743,35.795614],[-78.695033,35.795682],[-78.69622,35.795799],[-78.697151,35.795842],[-78.699582,35.795854],[-78.700761,35.795732],[-78.70172,35.795577],[-78.704516,35.795032],[-78.706109,35.794534],[-78.705931,35.794211],[-78.707273,35.793704],[-78.711518,35.791712],[-78.711669,35.791939],[-78.713153,35.791558],[-78.717865,35.795845],[-78.720557,35.795862],[-78.720665,35.792615],[-78.720169,35.792194],[-78.720396,35.792069],[-78.720686,35.791975],[-78.720998,35.791938],[-78.721276,35.791954],[-78.721235,35.791776],[-78.721146,35.791617],[-78.720838,35.791331],[-78.722031,35.790433],[-78.721917,35.790332],[-78.721909,35.789135],[-78.731259,35.789829],[-78.731218,35.791404],[-78.730712,35.7914],[-78.730708,35.793207],[-78.733237,35.793282],[-78.733273,35.792515],[-78.734379,35.792579],[-78.734391,35.792271],[-78.734663,35.79228],[-78.735176,35.794454],[-78.735183,35.794801],[-78.733624,35.794713],[-78.730235,35.794727],[-78.726951,35.794633],[-78.726954,35.794463],[-78.726682,35.794464],[-78.726656,35.794347],[-78.726222,35.794349],[-78.726083,35.794323],[-78.726034,35.79426],[-78.725953,35.794293],[-78.725928,35.794276],[-78.726002,35.79418],[-78.725862,35.794153],[-78.725811,35.794207],[-78.725687,35.794054],[-78.72559,35.794062],[-78.725494,35.794001],[-78.725546,35.793935],[-78.725426,35.79392],[-78.725409,35.793859],[-78.725279,35.793862],[-78.725158,35.793757],[-78.725165,35.793675],[-78.725028,35.793635],[-78.725024,35.793601],[-78.724948,35.793557],[-78.724744,35.793573],[-78.724677,35.794549],[-78.724674,35.795934],[-78.724635,35.796806],[-78.724801,35.796811],[-78.724685,35.799234],[-78.724913,35.799272],[-78.724651,35.800268],[-78.723952,35.80031],[-78.723483,35.800463],[-78.718149,35.803815],[-78.719141,35.804847],[-78.719137,35.804916],[-78.718914,35.805105],[-78.717039,35.8046],[-78.713211,35.803766],[-78.710891,35.803555],[-78.710946,35.802482],[-78.710901,35.802305],[-78.711731,35.802326],[-78.711788,35.800766],[-78.711629,35.800763],[-78.711668,35.799679],[-78.71225,35.799689],[-78.712287,35.798677],[-78.709382,35.798414],[-78.709279,35.80104],[-78.710915,35.801107],[-78.710864,35.802304],[-78.710577,35.802289],[-78.71005,35.802203],[-78.709221,35.801943],[-78.709248,35.801061],[-78.707387,35.801016],[-78.707162,35.802876],[-78.706946,35.804083],[-78.705729,35.809063],[-78.705607,35.809805],[-78.705644,35.810375],[-78.705805,35.811282],[-78.705783,35.811774],[-78.705244,35.815475],[-78.704911,35.818862],[-78.704898,35.820019],[-78.704989,35.821193],[-78.705084,35.821511],[-78.705255,35.821916],[-78.705666,35.822574],[-78.705952,35.822916],[-78.706723,35.823702],[-78.707467,35.82427],[-78.707728,35.824428],[-78.708896,35.824908],[-78.70942,35.825159],[-78.709815,35.825447],[-78.710058,35.825687],[-78.710338,35.826076],[-78.710539,35.826481],[-78.710655,35.826941],[-78.710505,35.829153],[-78.71047,35.830816],[-78.710575,35.831401],[-78.710763,35.831819],[-78.712156,35.834175],[-78.7129,35.835542],[-78.713155,35.8362],[-78.71429,35.840158],[-78.714436,35.84016],[-78.714211,35.839396],[-78.714981,35.839403],[-78.714778,35.838695],[-78.719788,35.838842],[-78.719685,35.839007],[-78.719451,35.839215],[-78.719239,35.839354],[-78.719157,35.839643],[-78.718889,35.839959],[-78.718693,35.840256],[-78.718839,35.840746],[-78.719039,35.841021],[-78.719107,35.841198],[-78.71906,35.841494],[-78.719125,35.841897],[-78.7191,35.842239],[-78.719042,35.842473],[-78.718881,35.842799],[-78.718863,35.843109],[-78.719002,35.843227],[-78.719368,35.843399],[-78.719877,35.843768],[-78.720032,35.843824],[-78.720403,35.843879],[-78.721137,35.844162],[-78.72115,35.8442],[-78.721084,35.844345],[-78.7211,35.844456],[-78.721177,35.844682],[-78.721324,35.844922],[-78.721276,35.845259],[-78.721698,35.845411],[-78.72209,35.845686],[-78.722589,35.845829],[-78.722953,35.845867],[-78.723534,35.845823],[-78.723857,35.845751],[-78.724411,35.845559],[-78.724984,35.84529],[-78.725604,35.845092],[-78.726245,35.844828],[-78.726576,35.844646],[-78.72696,35.844372],[-78.727129,35.844223],[-78.727305,35.843982],[-78.727392,35.843784],[-78.727574,35.843152],[-78.727655,35.843004],[-78.727756,35.842905],[-78.72918,35.842382],[-78.729382,35.842251],[-78.729712,35.841954],[-78.729773,35.841805],[-78.729793,35.841608],[-78.729745,35.841426],[-78.729577,35.841179],[-78.729111,35.840811],[-78.729064,35.840668],[-78.729084,35.840531],[-78.729131,35.840471],[-78.72938,35.840427],[-78.729664,35.840471],[-78.729941,35.840745],[-78.730116,35.841097],[-78.730448,35.841948],[-78.730799,35.842503],[-78.731447,35.843414],[-78.731548,35.843618],[-78.73194,35.84448],[-78.732109,35.845007],[-78.732271,35.845732],[-78.732366,35.846716],[-78.732427,35.846881],[-78.732534,35.847007],[-78.732784,35.847106],[-78.73296,35.846968],[-78.73389,35.845457],[-78.73453,35.844886],[-78.734949,35.844298],[-78.73507,35.844177],[-78.735623,35.84377],[-78.736331,35.843176],[-78.736527,35.84283],[-78.736891,35.841644],[-78.737093,35.841286],[-78.737349,35.840973],[-78.737511,35.840814],[-78.738273,35.840275],[-78.738502,35.840011],[-78.738745,35.83983],[-78.739393,35.839676],[-78.739791,35.839621],[-78.740182,35.839665],[-78.740418,35.839813],[-78.740951,35.840346],[-78.74135,35.840587],[-78.742011,35.840872],[-78.742402,35.841097],[-78.742503,35.84112],[-78.742625,35.841103],[-78.743516,35.840872],[-78.743698,35.840866],[-78.743819,35.840903],[-78.744062,35.841069],[-78.74413,35.841179],[-78.744123,35.841503],[-78.744049,35.841921],[-78.744103,35.842075],[-78.744319,35.842459],[-78.74463,35.842734],[-78.744981,35.842882],[-78.745291,35.842953],[-78.745852,35.843189],[-78.746155,35.843354],[-78.746735,35.843568],[-78.747053,35.843573],[-78.74718,35.843529],[-78.74743,35.843507],[-78.747943,35.843347],[-78.748125,35.843325],[-78.748354,35.843331],[-78.748591,35.843391],[-78.74882,35.843517],[-78.749131,35.843786],[-78.749415,35.844143],[-78.749732,35.844616],[-78.74988,35.844709],[-78.750069,35.844919],[-78.750157,35.844936],[-78.750285,35.844886],[-78.750386,35.844887],[-78.750622,35.845074],[-78.750736,35.845112],[-78.750845,35.845085],[-78.75104,35.844948],[-78.751459,35.844316],[-78.751945,35.843723],[-78.752519,35.843333],[-78.752836,35.843175],[-78.75312,35.843191],[-78.753558,35.843274],[-78.754152,35.843268],[-78.754698,35.843329],[-78.754914,35.84345],[-78.75517,35.843665],[-78.755818,35.843917],[-78.756324,35.844181],[-78.756971,35.844616],[-78.757262,35.844698],[-78.757477,35.844655],[-78.757633,35.844534],[-78.7577,35.844264],[-78.758166,35.843342],[-78.758511,35.843002],[-78.759273,35.842689],[-78.759732,35.84259],[-78.760636,35.842332],[-78.761156,35.842278],[-78.761278,35.842239],[-78.761601,35.842074],[-78.762475,35.841422],[-78.762374,35.841395],[-78.762277,35.83328],[-78.75644,35.833278],[-78.756463,35.830727],[-78.754537,35.83067],[-78.75297,35.829813],[-78.75296,35.829013],[-78.752798,35.828894],[-78.751926,35.828534],[-78.751509,35.828435],[-78.751347,35.828353],[-78.751041,35.828299],[-78.750957,35.828207],[-78.750695,35.828208],[-78.750756,35.825662],[-78.745941,35.825599],[-78.743483,35.825288],[-78.743467,35.829294],[-78.740434,35.829207],[-78.73901,35.827489],[-78.738865,35.827657],[-78.738578,35.827315],[-78.738239,35.827656],[-78.737867,35.827937],[-78.735959,35.828973],[-78.736058,35.829077],[-78.735956,35.8302],[-78.734831,35.829447],[-78.73431,35.829719],[-78.734129,35.829674],[-78.732485,35.830202],[-78.73093,35.829225],[-78.728227,35.83182],[-78.726939,35.831384],[-78.726965,35.830462],[-78.727901,35.830474],[-78.729047,35.829817],[-78.729153,35.829324],[-78.728884,35.828513],[-78.728646,35.828111],[-78.729163,35.827602],[-78.729796,35.827358],[-78.730069,35.82742],[-78.730196,35.827323],[-78.73035,35.827285],[-78.730504,35.827456],[-78.730479,35.827265],[-78.730583,35.827035],[-78.730742,35.826717],[-78.730914,35.826616],[-78.731262,35.826771],[-78.73115,35.826575],[-78.730732,35.82621],[-78.730715,35.825838],[-78.730836,35.825732],[-78.730798,35.825672],[-78.731325,35.825177],[-78.731617,35.825036],[-78.731944,35.824959],[-78.732162,35.824995],[-78.732435,35.824955],[-78.732788,35.825265],[-78.73294,35.825535],[-78.733003,35.825756],[-78.733026,35.826097],[-78.732984,35.826561],[-78.733089,35.826958],[-78.734311,35.828795],[-78.734579,35.829116],[-78.734893,35.829364],[-78.735596,35.828964],[-78.734488,35.827622],[-78.735884,35.826815],[-78.737318,35.82548],[-78.737402,35.825615],[-78.737486,35.825853],[-78.737591,35.825983],[-78.737778,35.826473],[-78.737934,35.826611],[-78.73819,35.826676],[-78.738238,35.826625],[-78.738608,35.827009],[-78.738646,35.827102],[-78.739325,35.826276],[-78.740046,35.825225],[-78.740444,35.824558],[-78.740751,35.823824],[-78.740647,35.823818],[-78.740863,35.823246],[-78.740795,35.823175],[-78.740364,35.823192],[-78.73985,35.823389],[-78.740114,35.823789],[-78.731778,35.823326],[-78.731789,35.822904],[-78.731682,35.822682],[-78.73143,35.822487],[-78.731148,35.821825],[-78.731282,35.82165],[-78.730366,35.8216],[-78.730264,35.821153],[-78.730303,35.820973],[-78.730349,35.820925],[-78.73053,35.820834],[-78.730791,35.820907],[-78.730903,35.820847],[-78.730951,35.820749],[-78.731118,35.8207],[-78.731858,35.820693],[-78.732156,35.820536],[-78.732247,35.82043],[-78.732263,35.820372],[-78.732211,35.820246],[-78.732412,35.820104],[-78.732427,35.820034],[-78.7323,35.819942],[-78.732324,35.819789],[-78.732282,35.81974],[-78.732273,35.819606],[-78.732057,35.81953],[-78.732003,35.819429],[-78.732012,35.819265],[-78.732111,35.819135],[-78.732207,35.818778],[-78.732483,35.818654],[-78.732523,35.818565],[-78.732771,35.818441],[-78.732858,35.818271],[-78.73323,35.818063],[-78.733591,35.818061],[-78.733986,35.818258],[-78.734101,35.818095],[-78.734419,35.81791],[-78.734645,35.817884],[-78.734726,35.817845],[-78.734705,35.817723],[-78.734518,35.817573],[-78.734363,35.817194],[-78.734124,35.817021],[-78.733973,35.816664],[-78.733762,35.816488],[-78.733749,35.81642],[-78.73379,35.81623],[-78.733862,35.816224],[-78.734646,35.81706],[-78.734831,35.81774],[-78.735088,35.819389],[-78.735017,35.820912],[-78.734867,35.821845],[-78.736589,35.821937],[-78.736788,35.821591],[-78.737102,35.821158],[-78.737887,35.820386],[-78.738584,35.820107],[-78.73903,35.820007],[-78.739604,35.819968],[-78.740151,35.820022],[-78.740789,35.820152],[-78.741453,35.820346],[-78.741849,35.820712],[-78.742326,35.820875],[-78.741855,35.821445],[-78.741526,35.821985],[-78.741372,35.822283],[-78.74102,35.823136],[-78.745571,35.823481],[-78.745752,35.822329],[-78.747088,35.823217],[-78.748011,35.823583],[-78.748227,35.823699],[-78.750785,35.825138],[-78.751577,35.825696],[-78.752196,35.824691],[-78.749572,35.823172],[-78.74789,35.822255],[-78.747648,35.822057],[-78.746811,35.821594],[-78.746488,35.821491],[-78.744364,35.82032],[-78.743041,35.819266],[-78.741097,35.817167],[-78.741048,35.81676],[-78.741374,35.816567],[-78.74162,35.816304],[-78.741764,35.815986],[-78.741788,35.815613],[-78.741744,35.815436],[-78.741646,35.815236],[-78.741384,35.814948],[-78.740981,35.814728],[-78.740731,35.814662],[-78.740469,35.814636],[-78.740357,35.814439],[-78.740702,35.812911],[-78.740042,35.810276],[-78.740016,35.809182],[-78.740034,35.808405],[-78.740199,35.807735],[-78.740327,35.80694],[-78.740414,35.806588],[-78.740959,35.80654],[-78.741021,35.806234],[-78.740948,35.806034],[-78.740772,35.805771],[-78.740766,35.805639],[-78.740859,35.805275],[-78.740665,35.805227],[-78.740883,35.80448],[-78.741344,35.803155],[-78.742019,35.800204],[-78.742364,35.799192],[-78.74328,35.796941],[-78.743745,35.795991],[-78.744533,35.795163],[-78.746398,35.79389],[-78.746787,35.793427],[-78.747422,35.79233],[-78.747623,35.789987],[-78.748183,35.789494],[-78.748502,35.788457],[-78.74927,35.787232],[-78.749625,35.786254],[-78.749834,35.785384],[-78.750101,35.783272],[-78.750304,35.782656],[-78.751,35.781323],[-78.751074,35.780898],[-78.751112,35.780384],[-78.751056,35.779218],[-78.750737,35.779053],[-78.750469,35.778713],[-78.75021,35.778493],[-78.749817,35.778243],[-78.748564,35.777813],[-78.748011,35.777532],[-78.747562,35.777049],[-78.746737,35.776051],[-78.746284,35.775669],[-78.745552,35.774844],[-78.744859,35.774151],[-78.743468,35.772978],[-78.743198,35.772963],[-78.74137,35.7716],[-78.740426,35.77004],[-78.739808,35.769803],[-78.739085,35.769057],[-78.738726,35.769059],[-78.738606,35.768938],[-78.738182,35.767809],[-78.738241,35.766747],[-78.737023,35.764508],[-78.736338,35.76431],[-78.735546,35.763748],[-78.735173,35.76304],[-78.734801,35.762713],[-78.7343,35.761608],[-78.733711,35.760655],[-78.733293,35.76015],[-78.732784,35.759603],[-78.732404,35.759254],[-78.73152,35.758595],[-78.730855,35.758195],[-78.730009,35.757791],[-78.729069,35.757462],[-78.729674,35.755813],[-78.730693,35.753902],[-78.729135,35.75333],[-78.729414,35.752817],[-78.728183,35.752403],[-78.726693,35.75195],[-78.726669,35.75199],[-78.726686,35.751948],[-78.724159,35.751178],[-78.722723,35.750634],[-78.722726,35.750034],[-78.724147,35.75004],[-78.72413,35.750992],[-78.724197,35.751015],[-78.724215,35.750039],[-78.724774,35.750018],[-78.724801,35.751199],[-78.726765,35.751796],[-78.727122,35.751236],[-78.728935,35.75177],[-78.730828,35.752444],[-78.730536,35.753034],[-78.731199,35.753263],[-78.73121,35.753241],[-78.731199,35.753263],[-78.731451,35.752781],[-78.731331,35.752741],[-78.731713,35.752044],[-78.730871,35.75147],[-78.73174,35.750853],[-78.732487,35.751364],[-78.734064,35.750341],[-78.733674,35.750078],[-78.734475,35.749466],[-78.73421,35.748407],[-78.735157,35.748254],[-78.735208,35.74846],[-78.735972,35.748334],[-78.735887,35.748004],[-78.734929,35.748164],[-78.734864,35.747896],[-78.73633,35.747639],[-78.736259,35.747369]],[[-78.695357,35.752932],[-78.694856,35.752896],[-78.694947,35.752527],[-78.695597,35.752445],[-78.695357,35.752932]],[[-78.690941,35.745206],[-78.690857,35.745206],[-78.690916,35.745163],[-78.69094,35.745087],[-78.690941,35.745206]],[[-78.67789,35.745147],[-78.679713,35.746678],[-78.679204,35.74667],[-78.677604,35.745321],[-78.67786,35.745122],[-78.67789,35.745147]],[[-78.654397,35.733097],[-78.654427,35.733702],[-78.653695,35.733605],[-78.652317,35.733482],[-78.65239,35.732935],[-78.654397,35.733097]],[[-78.693019,35.756313],[-78.697968,35.75642],[-78.697927,35.756909],[-78.69932,35.756986],[-78.69932,35.758172],[-78.69915,35.75849],[-78.698924,35.758809],[-78.697892,35.75875],[-78.697805,35.759796],[-78.69216,35.75967],[-78.692771,35.761847],[-78.692517,35.767498],[-78.692282,35.767581],[-78.692038,35.767783],[-78.691843,35.767884],[-78.691705,35.768027],[-78.691724,35.768081],[-78.691026,35.768095],[-78.69096,35.76812],[-78.69081,35.768266],[-78.690682,35.76832],[-78.690496,35.767851],[-78.690496,35.767716],[-78.69059,35.767663],[-78.690578,35.767169],[-78.690608,35.766796],[-78.688956,35.76681],[-78.689017,35.76422],[-78.68903,35.761592],[-78.689071,35.760505],[-78.690926,35.76049],[-78.690971,35.759773],[-78.69106,35.759522],[-78.691441,35.758874],[-78.690873,35.758495],[-78.691017,35.758301],[-78.690486,35.757934],[-78.69151,35.756689],[-78.692392,35.757323],[-78.693019,35.756313]],[[-78.717304,35.758657],[-78.717159,35.758105],[-78.717135,35.757544],[-78.719125,35.75769],[-78.718675,35.759349],[-78.717304,35.758657]],[[-78.690488,35.758928],[-78.69025,35.75926],[-78.689631,35.759003],[-78.68996,35.75859],[-78.690488,35.758928]],[[-78.735018,35.780871],[-78.735015,35.780705],[-78.736561,35.780709],[-78.736713,35.781189],[-78.736914,35.781613],[-78.73731,35.782103],[-78.737535,35.782292],[-78.73792,35.782532],[-78.738805,35.782901],[-78.739358,35.783186],[-78.739831,35.783591],[-78.740178,35.783982],[-78.737938,35.783997],[-78.737913,35.785097],[-78.73825,35.785101],[-78.73821,35.786667],[-78.737167,35.786498],[-78.736971,35.786446],[-78.736974,35.786347],[-78.735842,35.786152],[-78.735757,35.787395],[-78.734874,35.787253],[-78.735018,35.780871]],[[-78.739579,35.784572],[-78.739578,35.784279],[-78.740374,35.784256],[-78.740223,35.783879],[-78.740267,35.783784],[-78.74026,35.782062],[-78.742512,35.781966],[-78.742508,35.783062],[-78.742727,35.783062],[-78.742831,35.783537],[-78.743603,35.783533],[-78.743594,35.783044],[-78.745385,35.783034],[-78.745404,35.783641],[-78.746061,35.783688],[-78.746114,35.78363],[-78.746073,35.783021],[-78.746971,35.783003],[-78.746964,35.785381],[-78.746915,35.78774],[-78.745624,35.787646],[-78.745587,35.788228],[-78.745262,35.788205],[-78.745344,35.78894],[-78.746458,35.789127],[-78.746875,35.788909],[-78.746797,35.789224],[-78.745951,35.789665],[-78.745058,35.789519],[-78.745055,35.789873],[-78.744178,35.789858],[-78.744245,35.788804],[-78.74424,35.787749],[-78.743586,35.787625],[-78.743592,35.786251],[-78.742782,35.786192],[-78.742771,35.785455],[-78.742705,35.78537],[-78.741589,35.78535],[-78.740734,35.785371],[-78.740616,35.785347],[-78.740289,35.78518],[-78.740329,35.785134],[-78.740298,35.784571],[-78.739579,35.784572]],[[-78.733629,35.786221],[-78.733578,35.787033],[-78.733281,35.786981],[-78.73333,35.786167],[-78.733629,35.786221]],[[-78.733115,35.786264],[-78.73308,35.786952],[-78.732589,35.786844],[-78.732632,35.786158],[-78.733115,35.786264]],[[-78.728712,35.786309],[-78.7273,35.786095],[-78.726828,35.786052],[-78.726216,35.786048],[-78.726177,35.785649],[-78.726812,35.785735],[-78.726859,35.785715],[-78.726846,35.784706],[-78.725774,35.784804],[-78.725786,35.784037],[-78.725206,35.784362],[-78.725206,35.783415],[-78.725783,35.782955],[-78.725783,35.783386],[-78.726904,35.783032],[-78.726905,35.782915],[-78.726979,35.782916],[-78.726979,35.782954],[-78.728827,35.782978],[-78.728833,35.782449],[-78.728698,35.782172],[-78.728426,35.781856],[-78.728146,35.782009],[-78.72799,35.781819],[-78.72826,35.781683],[-78.729355,35.780994],[-78.729796,35.781524],[-78.729958,35.781773],[-78.730069,35.78174],[-78.730018,35.782746],[-78.729006,35.78271],[-78.728932,35.78416],[-78.728842,35.78416],[-78.728712,35.786309]],[[-78.726982,35.782638],[-78.726796,35.782421],[-78.726983,35.782327],[-78.726982,35.782638]],[[-78.732674,35.790383],[-78.732688,35.789937],[-78.734795,35.790083],[-78.734703,35.791253],[-78.734851,35.792169],[-78.734637,35.792163],[-78.734526,35.791457],[-78.733315,35.791374],[-78.733323,35.791188],[-78.732651,35.791137],[-78.732674,35.790383]],[[-78.737361,35.802317],[-78.737496,35.802027],[-78.737497,35.801788],[-78.737558,35.801637],[-78.737849,35.801134],[-78.738141,35.800843],[-78.738618,35.800578],[-78.738728,35.800714],[-78.738793,35.800735],[-78.738866,35.800707],[-78.73894,35.800802],[-78.73848,35.801021],[-78.738432,35.801228],[-78.738478,35.801268],[-78.738517,35.801417],[-78.738428,35.802329],[-78.737361,35.802317]],[[-78.736921,35.80513],[-78.736612,35.804937],[-78.736876,35.804162],[-78.737342,35.804293],[-78.737044,35.804988],[-78.737201,35.805078],[-78.738522,35.805512],[-78.738358,35.805847],[-78.738488,35.806329],[-78.737681,35.806318],[-78.738115,35.805557],[-78.737256,35.805282],[-78.736921,35.80513]],[[-78.73896,35.804687],[-78.739196,35.804761],[-78.739078,35.805021],[-78.739291,35.805121],[-78.739171,35.805572],[-78.738838,35.805547],[-78.738594,35.805487],[-78.73896,35.804687]],[[-78.707022,35.815885],[-78.706663,35.815877],[-78.706694,35.815827],[-78.706761,35.815807],[-78.70708,35.815886],[-78.707022,35.815885]],[[-78.708536,35.818994],[-78.70854,35.818944],[-78.711892,35.819047],[-78.711157,35.819985],[-78.713657,35.820584],[-78.713704,35.820511],[-78.712902,35.81939],[-78.712952,35.819074],[-78.714714,35.819118],[-78.71463,35.821062],[-78.714601,35.82105],[-78.714502,35.821124],[-78.714302,35.821139],[-78.714269,35.821224],[-78.714178,35.821289],[-78.714119,35.821286],[-78.7141,35.821245],[-78.713782,35.821405],[-78.712789,35.82114],[-78.712982,35.8205],[-78.712451,35.820382],[-78.712252,35.820997],[-78.711096,35.820686],[-78.71087,35.820728],[-78.710306,35.821312],[-78.708764,35.822623],[-78.708432,35.822482],[-78.70825,35.82246],[-78.70947,35.82143],[-78.710188,35.820779],[-78.710561,35.820363],[-78.710623,35.820077],[-78.710099,35.820075],[-78.708809,35.820167],[-78.708454,35.820152],[-78.708106,35.820087],[-78.70665,35.81971],[-78.705605,35.819605],[-78.705001,35.819466],[-78.705034,35.819096],[-78.708457,35.81996],[-78.708536,35.818994]],[[-78.713238,35.827938],[-78.71321,35.827921],[-78.713274,35.827807],[-78.715538,35.827524],[-78.71562,35.827949],[-78.713787,35.828191],[-78.714005,35.828268],[-78.713925,35.828337],[-78.714614,35.828759],[-78.714798,35.828638],[-78.714753,35.828584],[-78.720027,35.827873],[-78.720108,35.82795],[-78.720237,35.827928],[-78.720289,35.828035],[-78.720433,35.828061],[-78.720372,35.828165],[-78.720384,35.828211],[-78.720637,35.82829],[-78.720747,35.828452],[-78.720814,35.828467],[-78.721049,35.828382],[-78.720994,35.828508],[-78.721048,35.828607],[-78.721125,35.828661],[-78.721103,35.828804],[-78.72119,35.828899],[-78.721145,35.828965],[-78.720939,35.829097],[-78.720924,35.829141],[-78.720958,35.829242],[-78.720902,35.829348],[-78.720949,35.829425],[-78.720938,35.829471],[-78.721055,35.829624],[-78.721022,35.829746],[-78.721363,35.830047],[-78.721558,35.830154],[-78.721711,35.830166],[-78.721839,35.830215],[-78.722163,35.830237],[-78.722207,35.830278],[-78.72219,35.82954],[-78.723592,35.829634],[-78.724142,35.829646],[-78.72449,35.829612],[-78.72458,35.829972],[-78.724573,35.830388],[-78.724241,35.831473],[-78.724133,35.831669],[-78.723952,35.831882],[-78.723651,35.831082],[-78.721988,35.830951],[-78.721787,35.83111],[-78.722184,35.831483],[-78.722186,35.831785],[-78.722329,35.831744],[-78.72243,35.8318],[-78.72245,35.831889],[-78.722411,35.831952],[-78.722292,35.831989],[-78.72218,35.831963],[-78.723302,35.832611],[-78.723476,35.83241],[-78.723633,35.832507],[-78.723546,35.832606],[-78.724026,35.833157],[-78.72381,35.833424],[-78.723543,35.834289],[-78.723468,35.834357],[-78.723156,35.834617],[-78.722419,35.834552],[-78.722421,35.834828],[-78.722458,35.834967],[-78.722385,35.835182],[-78.722317,35.835245],[-78.722194,35.835266],[-78.722118,35.835239],[-78.721839,35.834996],[-78.721756,35.835036],[-78.721733,35.835125],[-78.72197,35.835406],[-78.722006,35.83566],[-78.722142,35.835753],[-78.72226,35.835753],[-78.722531,35.835634],[-78.72314,35.835589],[-78.723465,35.835424],[-78.723511,35.835171],[-78.723587,35.835011],[-78.723743,35.834853],[-78.723872,35.834406],[-78.724226,35.834237],[-78.724457,35.83405],[-78.724761,35.83354],[-78.72466,35.833312],[-78.724684,35.832969],[-78.724593,35.83285],[-78.724561,35.832502],[-78.725438,35.832492],[-78.725441,35.832416],[-78.725439,35.832498],[-78.726973,35.832481],[-78.726842,35.836165],[-78.724817,35.835422],[-78.723222,35.836501],[-78.721998,35.836415],[-78.722479,35.837844],[-78.719836,35.837894],[-78.719813,35.837916],[-78.719736,35.837691],[-78.71976,35.837692],[-78.719798,35.837421],[-78.719788,35.837259],[-78.719705,35.837035],[-78.719671,35.836745],[-78.719575,35.836659],[-78.719303,35.836525],[-78.719166,35.836404],[-78.719043,35.836063],[-78.718962,35.835933],[-78.718893,35.835865],[-78.718698,35.835775],[-78.718637,35.835704],[-78.718398,35.835125],[-78.718308,35.835066],[-78.718118,35.83501],[-78.718065,35.834932],[-78.718098,35.834861],[-78.718698,35.834385],[-78.718704,35.834568],[-78.719042,35.83443],[-78.719343,35.834422],[-78.7198,35.834199],[-78.719998,35.83415],[-78.718511,35.832793],[-78.717971,35.833352],[-78.717814,35.834279],[-78.717685,35.834274],[-78.717468,35.834159],[-78.71736,35.834052],[-78.717254,35.834001],[-78.71704,35.833755],[-78.716849,35.833793],[-78.716699,35.83371],[-78.716703,35.833563],[-78.716571,35.833408],[-78.716478,35.833373],[-78.71644,35.83257],[-78.718241,35.832539],[-78.716661,35.831066],[-78.716464,35.831749],[-78.715895,35.832622],[-78.715266,35.83239],[-78.715219,35.832129],[-78.714923,35.83156],[-78.714834,35.831477],[-78.714757,35.831476],[-78.714691,35.831397],[-78.714653,35.831392],[-78.71461,35.831428],[-78.714619,35.831537],[-78.714546,35.831555],[-78.714494,35.831483],[-78.714424,35.831474],[-78.714363,35.831393],[-78.71429,35.831354],[-78.714122,35.831129],[-78.713976,35.831093],[-78.713907,35.83099],[-78.713782,35.830954],[-78.713574,35.83096],[-78.713457,35.830862],[-78.713345,35.830828],[-78.713234,35.830748],[-78.713055,35.83082],[-78.712997,35.830808],[-78.712989,35.828029],[-78.71312,35.828072],[-78.713238,35.827938]],[[-78.724766,35.829984],[-78.724713,35.829815],[-78.725513,35.829619],[-78.725517,35.82988],[-78.724777,35.830006],[-78.724766,35.829984]]],[[[-78.743924,35.785314],[-78.745207,35.785288],[-78.745248,35.785234],[-78.745215,35.784738],[-78.744538,35.78476],[-78.744501,35.784179],[-78.742944,35.784186],[-78.742946,35.784273],[-78.743197,35.784269],[-78.743195,35.78467],[-78.742956,35.784675],[-78.742962,35.784948],[-78.743916,35.784936],[-78.743924,35.785314]]],[[[-78.727104,35.784183],[-78.727067,35.784212],[-78.727061,35.784529],[-78.727091,35.785749],[-78.728612,35.785979],[-78.728724,35.78426],[-78.727104,35.784183]]],[[[-78.71654,35.830614],[-78.717079,35.831175],[-78.718565,35.832547],[-78.720095,35.832545],[-78.719808,35.831591],[-78.720358,35.83127],[-78.720145,35.830657],[-78.719925,35.830364],[-78.719502,35.830613],[-78.718224,35.8302],[-78.717263,35.830279],[-78.716633,35.829426],[-78.716248,35.829503],[-78.715789,35.829746],[-78.71654,35.830614]]]]},"properties":{"COUNCIL_DIST":"D","COUNCIL_PERSON":"Jane Harrison","ObjectID":4},"id":4},{"type":"Feature","geometry":{"type":"MultiPolygon","coordinates":[[[[-78.576679,35.880519],[-78.577032,35.880614],[-78.577335,35.879873],[-78.576982,35.879778],[-78.576679,35.880519]]],[[[-78.577662,35.880785],[-78.577693,35.880794],[-78.577663,35.880869],[-78.579397,35.880851],[-78.579005,35.880112],[-78.577633,35.880013],[-78.577662,35.880785]]],[[[-78.580107,35.88462],[-78.581091,35.884804],[-78.581473,35.884833],[-78.582668,35.884779],[-78.583994,35.88467],[-78.583989,35.884577],[-78.583313,35.884631],[-78.58269,35.883125],[-78.582336,35.88326],[-78.581778,35.881931],[-78.57965,35.882807],[-78.578783,35.883195],[-78.577392,35.884035],[-78.576458,35.8839],[-78.575715,35.883705],[-78.575633,35.883666],[-78.57666,35.882803],[-78.57689,35.882561],[-78.577241,35.882091],[-78.577002,35.882016],[-78.576001,35.881844],[-78.576349,35.880631],[-78.576047,35.880651],[-78.57517,35.880878],[-78.574814,35.880887],[-78.575035,35.880911],[-78.575025,35.88169],[-78.575063,35.882285],[-78.574261,35.882357],[-78.574356,35.882739],[-78.574498,35.883014],[-78.574744,35.883311],[-78.574921,35.883448],[-78.575124,35.883563],[-78.57573,35.883799],[-78.576388,35.88397],[-78.578417,35.884298],[-78.580107,35.88462]]],[[[-78.697508,35.89624],[-78.697254,35.897043],[-78.697179,35.897402],[-78.697216,35.897475],[-78.697152,35.89758],[-78.697116,35.89776],[-78.697056,35.897805],[-78.697123,35.897868],[-78.697021,35.89799],[-78.697044,35.89818],[-78.696966,35.898464],[-78.697104,35.898702],[-78.701507,35.898807],[-78.701361,35.898262],[-78.701319,35.897891],[-78.70145,35.894524],[-78.701426,35.893871],[-78.70133,35.893503],[-78.701119,35.893078],[-78.700792,35.892611],[-78.700501,35.892313],[-78.700371,35.892315],[-78.700659,35.89259],[-78.700892,35.892889],[-78.701104,35.893251],[-78.701251,35.893596],[-78.701343,35.894112],[-78.701334,35.894923],[-78.699204,35.894897],[-78.699214,35.894613],[-78.698172,35.89459],[-78.698139,35.895421],[-78.697597,35.89597],[-78.697508,35.89624]],[[-78.700371,35.895867],[-78.701267,35.895904],[-78.701256,35.896229],[-78.700978,35.896194],[-78.700576,35.896212],[-78.700354,35.896144],[-78.700371,35.895867]]],[[[-78.686686,35.902222],[-78.686522,35.902437],[-78.686388,35.902751],[-78.686408,35.902804],[-78.686839,35.90301],[-78.687759,35.903625],[-78.688851,35.90226],[-78.687847,35.901769],[-78.687435,35.902197],[-78.687029,35.901891],[-78.686686,35.902222]]],[[[-78.694522,35.90402],[-78.694524,35.904186],[-78.695275,35.904201],[-78.695252,35.902761],[-78.694506,35.902768],[-78.694522,35.90402]]],[[[-78.702808,35.903343],[-78.702601,35.903391],[-78.702557,35.904226],[-78.703181,35.904233],[-78.702901,35.90332],[-78.702808,35.903343]]],[[[-78.691181,35.90377],[-78.691945,35.90387],[-78.691816,35.904595],[-78.692643,35.904692],[-78.69287,35.903315],[-78.690663,35.903069],[-78.689547,35.90271],[-78.688296,35.903996],[-78.688795,35.904321],[-78.689534,35.903561],[-78.689578,35.903547],[-78.690165,35.90377],[-78.690737,35.903881],[-78.690509,35.904431],[-78.691041,35.904506],[-78.691181,35.90377]]],[[[-78.684952,35.902806],[-78.684788,35.905297],[-78.686137,35.905346],[-78.685965,35.902902],[-78.684956,35.902743],[-78.684952,35.902806]]],[[[-78.702059,35.905946],[-78.702156,35.905954],[-78.702128,35.906294],[-78.703385,35.906444],[-78.703787,35.906524],[-78.70322,35.904644],[-78.702533,35.904637],[-78.702532,35.904678],[-78.702031,35.904665],[-78.70201,35.904224],[-78.698766,35.904214],[-78.698744,35.90588],[-78.701829,35.906254],[-78.701854,35.905927],[-78.702059,35.905946]]],[[[-78.694537,35.905714],[-78.694579,35.910066],[-78.69685,35.910127],[-78.697165,35.909745],[-78.697594,35.908985],[-78.697948,35.90855],[-78.698565,35.907967],[-78.697302,35.907603],[-78.69731,35.905961],[-78.694558,35.90566],[-78.694537,35.905659],[-78.694537,35.905714]]],[[[-78.660977,35.91271],[-78.660931,35.912828],[-78.661947,35.913054],[-78.662387,35.91311],[-78.662498,35.91303],[-78.6625,35.912931],[-78.662037,35.912833],[-78.662049,35.910471],[-78.66263,35.910605],[-78.662689,35.910074],[-78.662555,35.909776],[-78.661748,35.909519],[-78.661161,35.909248],[-78.660635,35.908947],[-78.660951,35.908498],[-78.661373,35.908531],[-78.661717,35.908075],[-78.662771,35.908351],[-78.662805,35.909649],[-78.664326,35.909982],[-78.665016,35.910089],[-78.670011,35.910248],[-78.672946,35.91061],[-78.673436,35.910719],[-78.673435,35.910477],[-78.674099,35.910501],[-78.674172,35.908716],[-78.672517,35.908691],[-78.672577,35.908054],[-78.672553,35.90801],[-78.672452,35.907995],[-78.672277,35.907805],[-78.672124,35.90773],[-78.672013,35.907804],[-78.671916,35.907728],[-78.672049,35.907638],[-78.671846,35.90708],[-78.67225,35.905487],[-78.674303,35.905521],[-78.674407,35.902861],[-78.678512,35.902994],[-78.678521,35.90179],[-78.680739,35.902156],[-78.680707,35.90185],[-78.684743,35.902542],[-78.684791,35.899776],[-78.683519,35.899752],[-78.683584,35.898122],[-78.68442,35.898032],[-78.684429,35.896551],[-78.68179,35.89657],[-78.681812,35.895315],[-78.680612,35.895358],[-78.68054,35.894595],[-78.68125,35.89452],[-78.681107,35.893794],[-78.681396,35.893718],[-78.681592,35.89363],[-78.682153,35.893237],[-78.681671,35.892802],[-78.681914,35.892623],[-78.682004,35.891956],[-78.68201,35.89186],[-78.681817,35.891856],[-78.681759,35.890923],[-78.682039,35.890969],[-78.682084,35.889513],[-78.681484,35.889532],[-78.681436,35.88951],[-78.681407,35.889461],[-78.681376,35.889008],[-78.682242,35.888987],[-78.682395,35.888458],[-78.682356,35.888143],[-78.682673,35.88769],[-78.68269,35.887259],[-78.687152,35.887379],[-78.687486,35.887813],[-78.690609,35.886229],[-78.690885,35.886114],[-78.690962,35.886299],[-78.691006,35.886294],[-78.691186,35.886556],[-78.691432,35.886818],[-78.691866,35.887179],[-78.692317,35.887456],[-78.691997,35.887514],[-78.691849,35.891285],[-78.693318,35.891378],[-78.693553,35.891443],[-78.693502,35.892376],[-78.698102,35.892316],[-78.697904,35.892145],[-78.699046,35.891141],[-78.698259,35.890539],[-78.698192,35.890596],[-78.697554,35.890224],[-78.697612,35.890156],[-78.695071,35.88889],[-78.695157,35.88876],[-78.695689,35.888298],[-78.696452,35.887837],[-78.697249,35.887424],[-78.697944,35.886985],[-78.698248,35.886864],[-78.698464,35.886732],[-78.69872,35.88654],[-78.699071,35.886205],[-78.699415,35.88576],[-78.699814,35.885469],[-78.699928,35.885353],[-78.699901,35.885199],[-78.700062,35.883992],[-78.699483,35.884046],[-78.699422,35.884013],[-78.699523,35.883431],[-78.699719,35.883106],[-78.699719,35.882892],[-78.699537,35.882546],[-78.699057,35.881085],[-78.698929,35.881063],[-78.698463,35.881085],[-78.698368,35.881041],[-78.698335,35.880981],[-78.698368,35.880794],[-78.698321,35.880558],[-78.698368,35.880321],[-78.69822,35.879816],[-78.698213,35.879624],[-78.698173,35.879509],[-78.698118,35.879443],[-78.697882,35.879333],[-78.697801,35.879113],[-78.697612,35.877948],[-78.697579,35.877503],[-78.697464,35.877481],[-78.697383,35.877547],[-78.697194,35.877899],[-78.697099,35.877976],[-78.696937,35.878036],[-78.696634,35.878086],[-78.69656,35.878091],[-78.696417,35.878025],[-78.696424,35.87796],[-78.696694,35.877471],[-78.696735,35.877427],[-78.696883,35.877399],[-78.696978,35.877339],[-78.697132,35.876883],[-78.69716,35.876657],[-78.697146,35.876575],[-78.697004,35.876328],[-78.696856,35.876158],[-78.696505,35.87585],[-78.696518,35.875812],[-78.696815,35.875614],[-78.696882,35.875476],[-78.696979,35.874601],[-78.696925,35.87431],[-78.696918,35.873832],[-78.696762,35.873568],[-78.696607,35.873398],[-78.696412,35.873272],[-78.696263,35.873222],[-78.696465,35.872953],[-78.696513,35.872838],[-78.696567,35.872799],[-78.697201,35.872959],[-78.697134,35.87275],[-78.697282,35.871898],[-78.697411,35.871525],[-78.697491,35.871431],[-78.697559,35.87141],[-78.698106,35.87136],[-78.698362,35.871283],[-78.698483,35.871162],[-78.698834,35.870613],[-78.698862,35.870503],[-78.6988,35.870437],[-78.698571,35.870399],[-78.698225,35.870413],[-78.698031,35.870382],[-78.697937,35.870311],[-78.697903,35.870223],[-78.698004,35.869981],[-78.698693,35.869262],[-78.698794,35.869179],[-78.699245,35.86909],[-78.698956,35.868736],[-78.698851,35.868508],[-78.698717,35.867634],[-78.698629,35.867313],[-78.698538,35.867106],[-78.698355,35.866843],[-78.697505,35.86603],[-78.697301,35.865718],[-78.697157,35.865308],[-78.69705,35.864617],[-78.696833,35.864124],[-78.696545,35.86377],[-78.695105,35.862701],[-78.695025,35.862564],[-78.695029,35.862346],[-78.695138,35.862154],[-78.693617,35.861791],[-78.68978,35.861232],[-78.688899,35.861217],[-78.68843,35.861274],[-78.686506,35.861407],[-78.686296,35.861398],[-78.684683,35.861181],[-78.682899,35.86089],[-78.682388,35.860765],[-78.682102,35.860626],[-78.680573,35.859526],[-78.680509,35.857834],[-78.680447,35.854287],[-78.680123,35.844961],[-78.680235,35.844426],[-78.680474,35.843896],[-78.680721,35.843523],[-78.681122,35.843181],[-78.680455,35.842905],[-78.679749,35.842482],[-78.679138,35.841959],[-78.678029,35.840702],[-78.677504,35.840253],[-78.676873,35.839837],[-78.673394,35.837704],[-78.672093,35.836988],[-78.671373,35.836494],[-78.669717,35.835503],[-78.669464,35.83529],[-78.666378,35.836399],[-78.66555,35.836601],[-78.664644,35.836756],[-78.663037,35.836951],[-78.662439,35.836977],[-78.661172,35.836946],[-78.654516,35.836273],[-78.646083,35.835373],[-78.646037,35.835596],[-78.643135,35.835247],[-78.641916,35.83506],[-78.63993,35.834812],[-78.63964,35.834841],[-78.638771,35.834743],[-78.638593,35.834533],[-78.63454,35.834039],[-78.634149,35.833965],[-78.633312,35.83377],[-78.632121,35.833347],[-78.631278,35.832902],[-78.630376,35.83228],[-78.630075,35.832023],[-78.629741,35.831691],[-78.628644,35.830257],[-78.627771,35.828996],[-78.627358,35.828488],[-78.62671,35.827908],[-78.62615,35.827489],[-78.6254,35.827053],[-78.624359,35.826551],[-78.621407,35.82531],[-78.619745,35.824547],[-78.618957,35.824248],[-78.612425,35.821437],[-78.610626,35.820645],[-78.610195,35.820408],[-78.60978,35.82008],[-78.609312,35.819605],[-78.607297,35.817114],[-78.605114,35.814337],[-78.603569,35.815077],[-78.600767,35.816512],[-78.598581,35.817507],[-78.590996,35.821098],[-78.589858,35.821826],[-78.58914,35.82236],[-78.588771,35.822668],[-78.588089,35.82332],[-78.587349,35.824174],[-78.586796,35.824931],[-78.586157,35.826024],[-78.585778,35.827],[-78.584157,35.832101],[-78.583911,35.832624],[-78.58368,35.833028],[-78.582393,35.835027],[-78.581182,35.836784],[-78.580911,35.83731],[-78.58119,35.837334],[-78.580789,35.838098],[-78.580354,35.839239],[-78.580181,35.839856],[-78.580021,35.840633],[-78.579923,35.841481],[-78.579879,35.842368],[-78.579626,35.842627],[-78.580393,35.849888],[-78.587463,35.849391],[-78.588285,35.849186],[-78.591484,35.848086],[-78.592139,35.847892],[-78.593035,35.847809],[-78.597601,35.848284],[-78.599828,35.848648],[-78.601588,35.849049],[-78.601415,35.849983],[-78.601291,35.85027],[-78.600928,35.850806],[-78.600331,35.851359],[-78.599944,35.851765],[-78.599641,35.852247],[-78.599407,35.852956],[-78.599374,35.853357],[-78.599425,35.85389],[-78.599726,35.854723],[-78.600182,35.85584],[-78.598419,35.858384],[-78.597414,35.859892],[-78.596067,35.85924],[-78.595592,35.858925],[-78.593558,35.856814],[-78.593197,35.856452],[-78.592993,35.856291],[-78.592512,35.855963],[-78.592111,35.855747],[-78.591685,35.855568],[-78.591211,35.855421],[-78.590796,35.855323],[-78.589913,35.855207],[-78.586052,35.855104],[-78.582817,35.855073],[-78.581486,35.855091],[-78.580968,35.855129],[-78.581668,35.861321],[-78.582026,35.864638],[-78.582077,35.865403],[-78.582064,35.866157],[-78.581975,35.866925],[-78.581855,35.867557],[-78.581642,35.868317],[-78.581452,35.868851],[-78.581085,35.869657],[-78.580624,35.870465],[-78.580183,35.871104],[-78.5784,35.873229],[-78.577909,35.873732],[-78.576302,35.875621],[-78.572732,35.879875],[-78.573022,35.879951],[-78.573298,35.880118],[-78.573859,35.880506],[-78.574147,35.880797],[-78.574192,35.880655],[-78.574895,35.880737],[-78.57518,35.880707],[-78.575703,35.880558],[-78.575574,35.88023],[-78.57504,35.88011],[-78.575086,35.880025],[-78.574997,35.879985],[-78.574948,35.880086],[-78.574849,35.880074],[-78.573881,35.87964],[-78.573911,35.879605],[-78.574251,35.879756],[-78.574377,35.879737],[-78.574845,35.879847],[-78.575075,35.879677],[-78.57599,35.879329],[-78.577913,35.878729],[-78.578376,35.87871],[-78.579367,35.877309],[-78.581315,35.87616],[-78.582067,35.87528],[-78.58255,35.875573],[-78.584022,35.876019],[-78.584841,35.876666],[-78.585184,35.876828],[-78.586722,35.877433],[-78.587388,35.877867],[-78.587655,35.877662],[-78.588572,35.878427],[-78.589452,35.879505],[-78.589267,35.879604],[-78.589751,35.88054],[-78.589692,35.880588],[-78.591416,35.884058],[-78.592012,35.884177],[-78.592183,35.883637],[-78.593537,35.883935],[-78.593331,35.884464],[-78.593658,35.884538],[-78.593868,35.884013],[-78.593695,35.883973],[-78.593976,35.88332],[-78.594299,35.883396],[-78.59458,35.882901],[-78.595403,35.883097],[-78.595681,35.882596],[-78.596582,35.882826],[-78.596708,35.882947],[-78.596502,35.88318],[-78.595468,35.884957],[-78.596917,35.885291],[-78.598154,35.885519],[-78.598298,35.884982],[-78.599762,35.885237],[-78.599673,35.884971],[-78.600424,35.884772],[-78.600356,35.884505],[-78.600045,35.883909],[-78.599796,35.883625],[-78.599425,35.883323],[-78.599477,35.882629],[-78.600295,35.882632],[-78.600364,35.882855],[-78.60076,35.883299],[-78.60132,35.884173],[-78.601893,35.884741],[-78.602023,35.88515],[-78.601883,35.885692],[-78.600792,35.885482],[-78.600724,35.886346],[-78.600775,35.886649],[-78.600883,35.886935],[-78.601151,35.887212],[-78.601284,35.887262],[-78.60153,35.887462],[-78.60172,35.887518],[-78.602119,35.887565],[-78.602104,35.887642],[-78.602468,35.887497],[-78.602984,35.8872],[-78.604335,35.89006],[-78.602609,35.890067],[-78.602607,35.890354],[-78.602552,35.890644],[-78.602333,35.891154],[-78.601232,35.892934],[-78.600269,35.894239],[-78.599549,35.895623],[-78.599214,35.896471],[-78.59914,35.896731],[-78.599123,35.897046],[-78.599188,35.897424],[-78.600332,35.899799],[-78.601268,35.901308],[-78.601452,35.901522],[-78.601666,35.901691],[-78.603719,35.903083],[-78.603251,35.903548],[-78.602936,35.90401],[-78.602797,35.904267],[-78.602188,35.905929],[-78.601743,35.906843],[-78.601053,35.907663],[-78.600661,35.908075],[-78.600812,35.908173],[-78.601542,35.907308],[-78.601978,35.906694],[-78.602339,35.905979],[-78.602794,35.904655],[-78.602987,35.904227],[-78.60328,35.903746],[-78.60373,35.903232],[-78.606393,35.900871],[-78.607726,35.899917],[-78.60791,35.899688],[-78.611348,35.896677],[-78.611866,35.896332],[-78.612414,35.896114],[-78.612995,35.895964],[-78.613777,35.895845],[-78.614349,35.898943],[-78.615502,35.899294],[-78.619397,35.899355],[-78.619385,35.899388],[-78.620327,35.899426],[-78.621387,35.899352],[-78.621373,35.898612],[-78.62268,35.898591],[-78.622647,35.89769],[-78.623792,35.897694],[-78.623774,35.89719],[-78.626726,35.897194],[-78.62653,35.899445],[-78.628335,35.899885],[-78.628793,35.900095],[-78.62931,35.900469],[-78.636232,35.904598],[-78.639183,35.906563],[-78.641641,35.908148],[-78.643749,35.909337],[-78.645241,35.909778],[-78.645494,35.909825],[-78.651462,35.90991],[-78.65141,35.910078],[-78.651778,35.910158],[-78.651953,35.910155],[-78.653014,35.906319],[-78.655463,35.906397],[-78.656091,35.907257],[-78.655946,35.909642],[-78.659119,35.909727],[-78.659125,35.909562],[-78.659809,35.90958],[-78.659915,35.908475],[-78.660127,35.908373],[-78.660437,35.908604],[-78.660322,35.909776],[-78.659983,35.909758],[-78.659939,35.910287],[-78.652306,35.910091],[-78.652164,35.910553],[-78.654252,35.911321],[-78.657676,35.912296],[-78.658654,35.912481],[-78.659736,35.912557],[-78.66061,35.912754],[-78.660643,35.912671],[-78.660977,35.91271]],[[-78.666018,35.908407],[-78.662772,35.908299],[-78.662806,35.907406],[-78.662644,35.9074],[-78.662799,35.903957],[-78.662961,35.904059],[-78.66445,35.903413],[-78.664297,35.90301],[-78.664234,35.902635],[-78.664559,35.902591],[-78.664702,35.902523],[-78.665215,35.902484],[-78.665157,35.904398],[-78.666161,35.904289],[-78.666018,35.908407]],[[-78.646673,35.903947],[-78.646593,35.905917],[-78.644818,35.90587],[-78.644867,35.904588],[-78.642722,35.904572],[-78.642743,35.904707],[-78.642812,35.904829],[-78.642848,35.905849],[-78.641623,35.905836],[-78.641713,35.903481],[-78.635922,35.903469],[-78.635916,35.902752],[-78.635637,35.902024],[-78.635035,35.902193],[-78.633421,35.898362],[-78.633434,35.898391],[-78.634072,35.898211],[-78.633745,35.897519],[-78.633058,35.897494],[-78.632712,35.896693],[-78.633369,35.896688],[-78.633395,35.897333],[-78.634006,35.89735],[-78.633706,35.896681],[-78.634915,35.896655],[-78.634958,35.894513],[-78.637104,35.894675],[-78.639704,35.895039],[-78.639715,35.894827],[-78.63982,35.894818],[-78.641006,35.895051],[-78.641732,35.895293],[-78.641825,35.894151],[-78.642413,35.894187],[-78.642388,35.894455],[-78.642955,35.89448],[-78.643436,35.893751],[-78.643538,35.893515],[-78.643453,35.893524],[-78.643252,35.893405],[-78.643009,35.893334],[-78.642953,35.893276],[-78.643038,35.892922],[-78.643535,35.892711],[-78.64394,35.892333],[-78.645035,35.892377],[-78.644648,35.896712],[-78.644538,35.896943],[-78.644325,35.896831],[-78.641871,35.900214],[-78.644206,35.900208],[-78.645007,35.900608],[-78.645022,35.900209],[-78.64529,35.900227],[-78.646618,35.898337],[-78.647415,35.898974],[-78.647545,35.89912],[-78.646811,35.900232],[-78.64686,35.900233],[-78.646673,35.903947]],[[-78.623361,35.894838],[-78.624166,35.894868],[-78.624185,35.895417],[-78.62273,35.895365],[-78.622707,35.894813],[-78.623361,35.894838]],[[-78.68011,35.901766],[-78.679895,35.901369],[-78.679968,35.901334],[-78.68021,35.90178],[-78.68011,35.901766]],[[-78.662417,35.90381],[-78.662092,35.903798],[-78.662152,35.902727],[-78.662525,35.902708],[-78.662467,35.903745],[-78.662417,35.90381]],[[-78.663998,35.903569],[-78.663858,35.903544],[-78.663743,35.903473],[-78.663661,35.903293],[-78.663745,35.903113],[-78.663861,35.903043],[-78.664001,35.903019],[-78.664141,35.903044],[-78.664256,35.903114],[-78.664338,35.903295],[-78.664306,35.903409],[-78.664233,35.903493],[-78.664119,35.903552],[-78.663998,35.903569]],[[-78.691341,35.88582],[-78.691196,35.885576],[-78.690563,35.885725],[-78.689752,35.88329],[-78.689721,35.88264],[-78.689925,35.880175],[-78.691405,35.880205],[-78.691199,35.8816],[-78.691766,35.881598],[-78.691709,35.882144],[-78.692368,35.882139],[-78.692292,35.882814],[-78.69267,35.88282],[-78.692762,35.886074],[-78.691533,35.886229],[-78.691341,35.88582]],[[-78.678889,35.882684],[-78.678698,35.882878],[-78.677664,35.882833],[-78.677726,35.881846],[-78.67762,35.881842],[-78.677675,35.881762],[-78.677718,35.8815],[-78.678794,35.881507],[-78.678889,35.882684]],[[-78.598163,35.882637],[-78.59851,35.882863],[-78.598962,35.88307],[-78.598947,35.883089],[-78.599424,35.883345],[-78.599417,35.883478],[-78.598589,35.884432],[-78.597598,35.883838],[-78.598129,35.883179],[-78.597782,35.882983],[-78.598092,35.882591],[-78.598163,35.882637]],[[-78.680503,35.882501],[-78.679229,35.882474],[-78.679142,35.881651],[-78.680447,35.881678],[-78.680529,35.882501],[-78.680503,35.882501]],[[-78.696685,35.891206],[-78.696619,35.891145],[-78.696551,35.890988],[-78.695987,35.890985],[-78.695995,35.890434],[-78.697199,35.890464],[-78.697328,35.890553],[-78.696705,35.891106],[-78.697163,35.891503],[-78.69705,35.891589],[-78.696655,35.891699],[-78.696685,35.891206]],[[-78.678682,35.878288],[-78.678666,35.878428],[-78.675327,35.878393],[-78.675364,35.876998],[-78.676747,35.876895],[-78.678278,35.876861],[-78.678891,35.876931],[-78.678751,35.87802],[-78.678682,35.878288]],[[-78.679254,35.876765],[-78.679837,35.876749],[-78.679843,35.877028],[-78.679176,35.87706],[-78.679201,35.876881],[-78.679239,35.876883],[-78.679254,35.876765]],[[-78.587869,35.875632],[-78.587792,35.875669],[-78.587407,35.875544],[-78.587186,35.875416],[-78.587041,35.875285],[-78.586871,35.875009],[-78.586703,35.87434],[-78.586579,35.874072],[-78.586364,35.873823],[-78.585684,35.873285],[-78.585757,35.873193],[-78.586857,35.873991],[-78.587887,35.875588],[-78.587869,35.875632]],[[-78.678424,35.875813],[-78.678522,35.875127],[-78.679114,35.875128],[-78.679023,35.875884],[-78.678415,35.875886],[-78.678424,35.875813]],[[-78.584753,35.871527],[-78.584872,35.871651],[-78.585024,35.871918],[-78.584615,35.87237],[-78.583821,35.871761],[-78.584433,35.871263],[-78.584753,35.871527]],[[-78.586543,35.870199],[-78.58611,35.869091],[-78.585782,35.868634],[-78.586784,35.868147],[-78.587667,35.869205],[-78.586543,35.870199]],[[-78.585424,35.869217],[-78.585732,35.869647],[-78.585437,35.869783],[-78.584913,35.869056],[-78.585206,35.868913],[-78.585424,35.869217]],[[-78.686647,35.867836],[-78.686666,35.867931],[-78.686166,35.867926],[-78.686393,35.867834],[-78.686647,35.867836]],[[-78.681996,35.865445],[-78.682101,35.865813],[-78.683415,35.865983],[-78.683414,35.866016],[-78.682755,35.866039],[-78.682702,35.866615],[-78.681885,35.866569],[-78.681938,35.866088],[-78.681879,35.865647],[-78.681267,35.865592],[-78.681216,35.865297],[-78.680382,35.865124],[-78.680392,35.865046],[-78.679692,35.864985],[-78.679753,35.863164],[-78.680591,35.863143],[-78.680595,35.862456],[-78.681015,35.862441],[-78.680992,35.863139],[-78.681016,35.863297],[-78.681113,35.863676],[-78.681296,35.864064],[-78.682388,35.863995],[-78.682482,35.864201],[-78.681388,35.86438],[-78.681637,35.864884],[-78.681731,35.864866],[-78.681996,35.865445]],[[-78.68625,35.863546],[-78.686305,35.863538],[-78.686209,35.863473],[-78.686249,35.862944],[-78.68747,35.86296],[-78.687367,35.864237],[-78.686244,35.864077],[-78.68625,35.863546]],[[-78.684941,35.863855],[-78.684883,35.864313],[-78.684749,35.864301],[-78.684647,35.865118],[-78.684781,35.86513],[-78.684744,35.865428],[-78.684126,35.86522],[-78.68408,35.865153],[-78.68412,35.864078],[-78.684772,35.86383],[-78.684874,35.863804],[-78.684941,35.863855]],[[-78.680988,35.861668],[-78.68101,35.862167],[-78.67976,35.862202],[-78.679761,35.861653],[-78.680986,35.861633],[-78.680988,35.861668]],[[-78.680137,35.848416],[-78.680157,35.849082],[-78.677687,35.849168],[-78.67773,35.848876],[-78.678663,35.84896],[-78.680129,35.848152],[-78.680137,35.848416]],[[-78.606955,35.848615],[-78.606169,35.848396],[-78.606023,35.848319],[-78.605761,35.848012],[-78.60572,35.847869],[-78.605722,35.847707],[-78.604435,35.847489],[-78.604685,35.846473],[-78.604902,35.845232],[-78.604768,35.84522],[-78.604856,35.844437],[-78.604915,35.843467],[-78.604881,35.841687],[-78.606997,35.842279],[-78.606951,35.843657],[-78.609515,35.844459],[-78.606955,35.848615]],[[-78.609755,35.843704],[-78.604809,35.840009],[-78.604831,35.83958],[-78.604748,35.839576],[-78.604813,35.838999],[-78.60473,35.838999],[-78.605378,35.835573],[-78.605952,35.835562],[-78.605322,35.838933],[-78.609764,35.842267],[-78.609553,35.842458],[-78.609556,35.842511],[-78.609678,35.84253],[-78.610218,35.842939],[-78.609896,35.843465],[-78.61006,35.843571],[-78.60991,35.843815],[-78.609755,35.843704]],[[-78.671395,35.842346],[-78.671689,35.842296],[-78.671703,35.842204],[-78.671799,35.842185],[-78.671794,35.84202],[-78.672227,35.842008],[-78.672288,35.841662],[-78.672293,35.840967],[-78.672869,35.840914],[-78.672473,35.839865],[-78.673389,35.839832],[-78.67372,35.83979],[-78.673751,35.839921],[-78.674094,35.840702],[-78.674381,35.84128],[-78.673058,35.841416],[-78.673082,35.841641],[-78.673148,35.841818],[-78.673332,35.841733],[-78.673351,35.84233],[-78.673189,35.842715],[-78.672997,35.842991],[-78.672932,35.843526],[-78.670511,35.843592],[-78.670501,35.843082],[-78.670663,35.843079],[-78.670723,35.842422],[-78.6709,35.842432],[-78.671395,35.842346]],[[-78.674605,35.843533],[-78.674282,35.843487],[-78.67432,35.843193],[-78.675076,35.843208],[-78.675029,35.843575],[-78.674605,35.843533]],[[-78.650002,35.907592],[-78.648971,35.907575],[-78.648964,35.907024],[-78.652512,35.90707],[-78.652355,35.907622],[-78.650002,35.907592]]],[[[-78.699986,35.912892],[-78.700129,35.913087],[-78.700271,35.913555],[-78.700255,35.914032],[-78.700581,35.914039],[-78.700596,35.91484],[-78.701375,35.914827],[-78.701414,35.912701],[-78.702478,35.912743],[-78.704157,35.911644],[-78.703871,35.91113],[-78.703739,35.910691],[-78.703694,35.910243],[-78.703735,35.909453],[-78.703453,35.909465],[-78.703474,35.909213],[-78.702816,35.90921],[-78.702907,35.906576],[-78.702006,35.906492],[-78.702009,35.906567],[-78.701338,35.90658],[-78.701357,35.90703],[-78.701297,35.909203],[-78.700825,35.909199],[-78.700919,35.910313],[-78.696981,35.910124],[-78.696727,35.910408],[-78.696405,35.910677],[-78.695859,35.911095],[-78.695108,35.911607],[-78.694558,35.912253],[-78.694543,35.91292],[-78.695201,35.912934],[-78.69517,35.913895],[-78.697503,35.913946],[-78.697802,35.913746],[-78.697915,35.913576],[-78.698119,35.913433],[-78.698525,35.913259],[-78.698541,35.912742],[-78.699185,35.912704],[-78.699542,35.912856],[-78.699753,35.912822],[-78.699767,35.912876],[-78.699986,35.912892]]],[[[-78.642535,35.895167],[-78.642499,35.895617],[-78.642524,35.895678],[-78.643146,35.895972],[-78.643213,35.895054],[-78.642549,35.895016],[-78.642535,35.895167]]]]},"properties":{"COUNCIL_DIST":"A","COUNCIL_PERSON":"Mitchell Silver","ObjectID":5},"id":5}]}